id,Relative_Relief_751,SPI751,TWI_FINAL751,Flow_Accumulation_clean751,aspect751,slope751,Elevation1,Distance_to_River,Drainage_Density,Landslide
1,21.69970703,1.626087904,2.175238609,3.600893974,218.7758484,13.23890305,842.5444946,2266.89,2.0487,0
2,16.99682617,2.673857212,1.961216688,4.634634495,116.5563736,12.88064003,783.5126343,2206.44,1.9025,0
3,56.49761963,0.99329114,1.543756604,2.115260124,237.0102081,36.1979599,998.7528076,2507.87,3.4926,0
4,50.30651855,-5.269521236,16.96024704,2.663095951,273.8417358,36.53218842,1125.532227,705.13,3.5288,1
5,39.68347168,1.907054543,1.341442347,2.804995775,143.50177,23.53068733,1213.76001,2498.05,2.3078,0
6,38.44616699,-16.90543556,17.30371666,3.869277954,198.1100922,27.08722305,1283.277832,238.4,2.9493,1
7,77.24731445,2.658363819,1.227903843,2.881559849,127.3222427,41.26728058,1460.617188,2355.76,4.0729,1
8,53.1630249,-2.860816956,16.93889046,2.600743771,150.9380188,31.83933449,887.6551514,642.41,3.4392,1
9,41.88677979,-1.980363607,17.00212288,2.950205564,137.0847778,21.88264465,881.0415039,475.46,2.4497,1
10,12.9979248,96.64852142,-2.208962679,2.109086752,190.5131073,12.55526066,852.1060791,2573,1.9774,0
11,10.08184814,-0.450862914,17.83872414,6.474014282,177.7851562,9.301041603,801.8504639,409.11,1.5794,1
12,33.65527344,-42.2700386,17.36267281,4.074347496,104.4693832,23.0336895,791.9378662,255.45,2.4633,1
13,26.065979,-2.580362797,17.30289268,3.851317883,262.3739014,18.36572266,874.6154175,618.33,2.4939,1
14,14.32177734,3.817643166,1.488435388,4.57440567,335.0840759,10.90911579,864.2312012,2340.56,1.5583,0
15,20.7130127,-27.87913895,18.22790718,9.550261497,212.1946716,14.43057442,855.8425293,485.46,1.9213,1
16,39.50939941,-1.29939425,16.73811913,2.163511753,227.3244629,27.52890778,923.4433594,488.75,2.8804,1
17,27.09307861,-0.115920857,16.51268387,1.713124633,202.8099365,18.97982025,865.6130981,592.51,2.0911,1
18,41.53668213,-6.735222816,17.25066185,3.390657663,220.616745,23.80058098,798.44104,399.27,2.8395,1
19,37.70202637,-3.535531998,16.93328857,2.53000474,234.7213287,22.3569355,1187.272461,241.14,2.4283,1
20,43.50817871,1.936222076,2.67147994,5.036158085,204.1302185,28.47735405,1149.340454,2207.64,2.9461,0
21,52.48480225,-6.77661562,17.38202477,3.874136209,198.8106842,30.34217072,1191.025024,374.92,3.3108,1
22,46.2166748,-11.39626503,16.98375893,2.585724592,203.2205505,30.82424927,1142.253662,593.73,3.3323,1
23,28.17242432,1.383189797,2.155700207,3.524941921,286.0917664,18.84752655,876.6210327,2362.59,2.4346,0
24,19.98669434,-10.02758503,17.58550262,4.898952484,110.8273621,18.57147026,1048.455444,192.1,2.0326,1
25,44.75549316,2.639744282,2.028751373,4.686981678,195.4244537,27.13606834,1368.175659,2068.73,2.6482,1
26,11.85400391,3.407983065,3.905615807,11.96637344,112.5056992,11.08272934,845.5019531,2133.56,1.758,0
27,34.02581787,0.722513437,1.865615726,2.955502987,138.832962,21.72481918,878.0709229,2237.96,2.4632,0
28,78.29174805,1.967664123,1.696155906,4.017772198,242.4552002,46.73243332,1044.249756,2200.75,4.3228,0
29,19.34960938,1.40578115,2.138541937,3.435271978,188.5800476,13.25316429,915.2078857,2154.51,1.9806,0
30,73.83416748,3.226997375,1.764537334,5.823622227,124.6465378,45.89269257,1154.996582,2292.01,4.2882,0
31,34.25469971,0.063273109,1.99613142,2.541484833,116.7118607,19.01429176,1352.327515,2127.56,2.2285,0
32,32.48425293,3.77884841,1.821016669,5.772594452,303.4975891,24.18434715,1038.924805,2170.61,2.7752,0
33,18.66577148,0.301554114,3.754763126,6.336472511,289.4796143,15.70054722,810.0384521,2148.91,1.8845,0
34,32.76861572,-16.48622131,17.43633842,4.605929375,228.0267487,22.77747726,926.836853,248.8,2.7121,1
35,63.92132568,2.222956657,1.859665751,5.322744846,220.5898895,39.69584274,1036.721436,2112.98,3.8795,0
36,65.83453369,-0.602693856,1.442654371,2.28929019,171.1648407,38.16912842,1014.248352,2438.25,3.6191,0
37,29.35168457,-6.335028648,17.16413689,2.836857319,206.2736359,19.8643856,1269.467407,575.45,2.0628,1
38,32.65838623,3.228509426,2.759247065,8.125741005,264.4447021,20.45663643,892.3664551,2089.48,2.4485,0
39,12.75341797,-0.749504864,2.943015099,3.585573435,302.2619629,8.773347855,839.2974243,2155.77,1.5583,0
40,55.98687744,3.136006117,1.968798518,6.802821159,196.2238464,36.5682869,1413.560425,1992.83,3.4831,0
41,40.16040039,-1.259207845,1.545749307,2.378906012,204.4214478,25.86146355,1035.786011,2419.87,2.8279,0
42,54.26904297,-0.840775967,16.4815464,1.86013329,233.9160461,35.29227066,966.5050049,603.22,3.3108,1
43,39.75708008,1.478954792,2.079237699,3.529061556,190.2222748,27.1848526,1189.699707,2225.46,2.7937,0
44,14.65478516,-20.94199753,17.91501617,7.025350571,258.9103699,13.7533865,860.5599365,496.88,1.9966,1
45,21.9942627,-10.1583271,17.59546089,4.409893036,236.0357819,16.29959679,853.4862061,532.79,1.9332,1
46,13.63342285,1.383177757,2.693740129,4.86903286,179.8055725,12.39967918,842.1865234,2057.94,1.8217,0
47,21.73352051,0.221764356,2.096898794,3.016335964,236.4277496,15.70014095,903.0039062,2170.76,2.1584,0
48,74.45544434,3.951557159,1.758957863,6.294657707,138.8317871,45.39768219,1143.20459,2097.66,4.0177,0
49,36.56237793,-6.993510246,17.18956947,3.136009693,166.7262115,22.25145531,1234.341187,489.13,2.7483,1
50,7.328521729,7.725244522,7.398036957,17.43775368,3.686042786,5.079902649,152.8528137,1771.55,1.1077,1
51,28.61901855,1.261899114,2.378779411,4.018090248,220.6012878,21.90547943,1099.992676,2205.81,2.7844,1
52,50.84069824,-11.23847866,17.47285652,3.315573454,196.486618,29.98818207,1130.69751,200.73,3.3275,0
53,30.34240723,-30.93888855,17.58572197,7.21404171,124.2393265,13.78442383,810.0384521,496.16,2.0076,0
54,19.34960938,1.40578115,2.138541937,3.435271978,188.5800476,13.25316429,915.2078857,2367.79,1.7828,0
55,18.91052246,-27.87913895,18.22790718,9.550261497,212.1946716,14.43057442,855.8425293,485.46,1.9689,1
56,15.68811035,0.732387424,2.232353926,3.619553566,302.8258362,11.236166,851.9867554,2336.57,1.8687,0
57,30.12512207,-11.19230556,17.46995354,2.836480856,251.5650482,23.36423302,963.8997192,570.62,2.4411,1
58,40.16040039,0.347713441,1.989392281,2.768652678,230.1944275,22.04351044,1154.512695,2415.53,2.4277,1
59,38.64794922,2.378939152,1.385078549,2.894226789,136.2163391,24.06202507,1336.196533,2347.16,2.7093,0
60,19.26196289,-1.458992124,1.884488344,1.697529674,171.8698883,12.39233017,896.6575928,2140.45,1.8497,0
61,54.74316406,-1.728286266,1.488665342,2.693740129,179.8055725,32.7481842,1250.751221,2439.46,3.221,1
62,49.19177246,-0.602693856,1.442654371,2.28929019,171.1648407,38.16912842,1307.728394,2211.33,3.3188,1
63,22.76672363,2.261890888,2.784534693,5.659972191,285.5274963,16.5941925,837.2831421,2083.47,2.1627,0
64,57.19934082,1.871151686,2.022934675,5.772594452,303.4975891,24.18434715,1038.924805,2170.61,2.7752,0
65,58.82666016,2.618641138,2.073493481,4.409893036,236.0357819,16.29959679,853.4862061,2073.35,1.9332,0
66,66.86328125,2.730386734,1.267926931,2.731776714,131.9872131,32.49887085,1276.536743,2484.05,3.3989,0
67,11.39172363,0.301554114,3.754763126,6.336472511,289.4796143,15.70054722,810.0384521,2148.91,1.8845,0
68,52.48480225,-6.77661562,17.38202477,3.874136209,198.8106842,30.34217072,1191.025024,374.92,3.3108,0
69,33.56530762,-1.458992124,1.884488344,1.697529674,171.8698883,12.39233017,896.6575928,2140.45,1.8497,0
70,72.43383789,-2.483161211,16.88371277,1.86013329,233.9160461,35.29227066,966.5050049,531.06,3.3108,1
71,32.76861572,-16.48622131,17.43633842,4.605929375,228.0267487,22.77747726,926.836853,248.8,2.7121,1
72,49.27966309,-5.269521236,16.96024704,2.663095951,273.8417358,36.53218842,1125.532227,705.13,3.5288,1
73,43.08056641,2.378939152,1.385078549,2.894226789,136.2163391,24.06202507,1336.196533,2347.16,2.7093,0
74,68.96691895,-2.860816956,16.93889046,2.600743771,150.9380188,31.83933449,887.6551514,642.41,3.4392,1
75,34.25469971,0.063273109,1.99613142,2.541484833,116.7118607,19.01429176,1352.327515,2127.56,2.2285,0
76,21.9942627,-10.1583271,17.59546089,4.409893036,236.0357819,16.29959679,853.4862061,532.79,1.9332,1
77,69.5760498,3.226997375,1.764537334,5.823622227,124.6465378,45.89269257,1154.996582,2292.01,4.2882,0
78,43.50817871,1.936222076,2.67147994,5.036158085,204.1302185,28.47735405,1149.340454,2207.64,2.9461,1
79,30.34240723,-30.93888855,17.58572197,7.21404171,124.2393265,13.78442383,810.0384521,496.16,2.0076,0
80,26.065979,-2.580362797,17.30289268,3.851317883,262.3739014,18.36572266,874.6154175,618.33,2.4939,0
81,11.39172363,0.301554114,3.754763126,6.336472511,289.4796143,15.70054722,810.0384521,2148.91,1.8845,0
82,31.78283691,2.582873106,3.01878953,5.926861763,258.6900635,17.54840088,883.3375854,2220.35,2.1557,0
83,57.19934082,1.871151686,2.022934675,5.772594452,303.4975891,24.18434715,1038.924805,2170.61,2.7752,1
84,40.16040039,0.347713441,1.989392281,2.768652678,230.1944275,22.04351044,1154.512695,2415.53,2.4277,1
85,38.44616699,-16.90543556,17.30371666,3.869277954,198.1100922,27.08722305,1283.277832,238.4,2.9493,1
86,47.78820801,1.821427107,1.854619384,3.874136209,198.8106842,30.34217072,1191.025024,2049.03,3.3108,1
87,20.7130127,-27.87913895,18.22790718,9.550261497,212.1946716,14.43057442,855.8425293,485.46,1.9213,0
88,38.64794922,2.378939152,1.385078549,2.894226789,136.2163391,24.06202507,1336.196533,2347.16,2.7093,0
89,33.56530762,-1.458992124,1.884488344,1.697529674,171.8698883,12.39233017,896.6575928,2140.45,1.8497,0
90,32.48425293,3.77884841,1.821016669,5.772594452,303.4975891,24.18434715,1038.924805,2170.61,2.7752,0
91,40.16040039,-1.259207845,1.545749307,2.378906012,204.4214478,25.86146355,1035.786011,2419.87,2.8279,1
92,21.73352051,0.221764356,2.096898794,3.016335964,236.4277496,15.70014095,903.0039062,2170.76,2.1584,1
93,27.09307861,-0.115920857,16.51268387,1.713124633,202.8099365,18.97982025,865.6130981,592.51,2.0911,0
94,22.76672363,2.261890888,2.784534693,5.659972191,285.5274963,16.5941925,837.2831421,2083.47,2.1627,0
95,50.84069824,-11.23847866,17.47285652,3.315573454,196.486618,29.98818207,1130.69751,200.73,3.3275,1
96,10.08184814,-0.450862914,17.83872414,6.474014282,177.7851562,9.301041603,801.8504639,409.11,1.5794,0
97,36.56237793,-6.993510246,17.18956947,3.136009693,166.7262115,22.25145531,1234.341187,489.13,2.7483,0
98,28.61901855,1.261899114,2.378779411,4.018090248,220.6012878,21.90547943,1099.992676,2205.81,2.7844,1
99,77.24731445,2.658363819,1.227903843,2.881559849,127.3222427,41.26728058,1460.617188,2355.76,4.0729,0
100,53.1630249,-2.860816956,16.93889046,2.600743771,150.9380188,31.83933449,887.6551514,642.41,3.4392,1
101,20.93450928,-11.52209663,17.0331974,2.939931631,171.5150452,19.18788147,974.7313232,517.24,2.6412,0
102,10.67047119,227.8259125,6.267930508,524.135437,226.0341949,6.764800072,763.2028809,1909.33,1.601,0
103,62.19793701,10.36147976,0.113445237,3.247006416,215.934967,35.48147583,1019.829773,2371.22,3.0424,0
104,24.74829102,0.009049993,5.132440567,1.077673197,137.721405,18.65704536,1072.373169,1960.33,2.1322,0
105,63.03491211,0.802864969,2.325968027,2.832772017,195.0538635,39.59493256,1079.039185,2443.89,3.9302,1
106,23.78723145,-10.90644073,17.19753838,3.2304914,275.0722656,17.80987358,1040.511719,609.54,1.9228,0
107,49.6973877,-16.161026,16.34861183,1.376524806,50.29123688,20.81661606,1089.554688,776.01,2.527,1
108,29.67456055,-175.9410706,18.29582405,9.382284164,192.8543854,19.85610008,919.6137085,751.51,2.439,1
109,22.88354492,-39.78964615,17.9204483,7.278857231,256.5546875,17.36478233,962.9995117,526.12,1.9911,1
110,10.61102295,0.097439125,2.525532961,1,102.2110291,8.914853096,1013.64447,2008.39,1.5369,0
111,62.61932373,-5.067296505,17.48318672,4.706606388,229.5429077,37.46010208,945.5718384,600.86,3.1215,1
112,36.77441406,0.623983383,2.593525887,2.904989481,244.5220642,22.84881973,933.161377,2043.63,2.8694,1
113,32.14758301,2.320482731,1.265540838,2.705196142,345.3892822,20.58629608,943.8948975,2562.28,2.2949,1
114,13.49487305,-3.494983435,17.06341934,3.138249159,258.9040833,11.62159824,936.409668,902.53,1.8891,0
115,7.432189941,-4.320664406,19.25746918,31.62296104,74.30583954,8.128151894,871.9666748,593.1,1.6062,1
116,19.50952148,6.355958939,-1.058234096,1.226825595,286.0162964,9.701444626,1148.914673,2768.36,1.8653,1
117,10.23010254,-3.738064528,16.63580132,1.866704941,244.2146759,7.338657379,1145.381592,943.59,1.3415,1
118,13.98937988,0.347468883,2.057842731,1.582728624,48.20977402,10.43527031,1157.664185,2110.53,1.686,0
119,42.20458984,0.775829494,4.368178368,7.963843346,205.1607361,28.55668831,1077.814453,2229.68,3.0273,0
120,61.00354004,-2.364157438,17.0054512,2.849495888,224.6280975,34.92206573,1136.889282,774.01,3.5361,1
121,45.62268066,-0.101032287,17.3949585,4.457365513,61.79621887,29.13142776,1110.755249,868.63,3.1866,1
122,13.53424072,35.17522049,3.999914408,40.37259293,24.63245392,9.956412315,950.0355225,2268.72,1.5162,1
123,79.64172363,-3.83988142,18.25285721,10.26164436,224.3854828,44.02930832,956.9260864,537.08,3.8672,1
124,23.68896484,-2.06549716,18.06277084,8.940402031,30.09178543,16.52558136,1106.447754,452.35,2.3441,1
125,35.9720459,32.36952591,2.621386528,2.953864098,303.6963501,15.07174397,921.5258789,2074.17,1.5628,0
126,26.90026855,-50.22861481,16.34068298,1.426459193,136.0158539,19.21854019,1163.704712,785.17,2.5749,1
127,57.4765625,-5.31160593,17.43580437,4.620948792,243.4821625,34.21396255,1187.612793,869.79,3.2515,0
128,69.74487305,0.457342267,2.632445812,2.484521389,27.20659256,38.9042244,1172.274902,2389.45,3.6398,0
129,26.56506348,18.98221016,-1.437239289,1.728074074,272.6886597,21.60111809,865.2800903,2374.47,2.2914,1
130,10.38537598,227.0140076,-0.247665286,7.70689106,95.34101868,8.030685425,1148.359253,2505.96,1.467,0
131,51.04162598,-5.917152882,17.52725983,4.823684692,241.2262878,31.68830109,947.5819092,660.23,3.3892,0
132,32.67303467,-26.05899239,18.61807442,13.58563805,279.6846924,24.32150459,993.2248535,452.17,2.7727,0
133,30.07037354,-10.32076931,18.14590263,9.1496315,84.34387207,22.8879509,1018.687012,448.84,2.6166,1
134,45.62261963,2.299413919,1.814837456,3.485835314,292.6268921,30.93594933,223.1444702,2210.64,3.1,1
135,41.54064941,6.12116003,0.387401611,3.034336329,246.2908783,27.00452805,503.7844849,2657.77,2.5175,0
136,39.70727539,-0.569545984,17.64427567,5.460986137,283.8151855,28.65724373,587.8136597,601.28,2.7537,0
137,26.06637573,1231.385742,3.582745075,63.94212723,128.6085968,16.84188271,509.3473511,2122.29,2.0256,1
138,30.82580566,1.054068923,3.921756744,7.199720383,176.5644989,25.09755707,615.3389893,2180.1,2.7645,0
139,31.53009033,-2.628214836,17.03599739,2.922087669,278.3276978,25.50806618,809.4834595,683.06,2.7157,0
140,48.25354004,-14.89944077,19.11064529,23.44417381,201.6462402,31.92964363,1034.74292,777.15,3.3486,0
141,81.07312012,21.03386116,2.267992735,13.71594524,224.4067841,38.75131226,854.8268433,2477.19,3.7248,0
142,43.85266113,24.47104263,3.201959848,19.81952286,156.5854187,27.16614914,1167.336548,2027.33,2.8288,0
143,38.40490723,9.453781128,2.73213172,12.54883671,231.1679688,24.11651039,968.0028687,2197.62,3.0593,0
144,32.11407471,-665.5421753,19.13547134,27.62721634,189.4182739,21.87834549,999.7885132,439.19,2.5286,1
145,53.52990723,-8.288613319,18.41361999,12.36239433,192.1530151,37.19600677,1225.720947,504.23,3.4346,1
146,48.91082764,14.07600021,0.801427186,5.5864954,160.1832123,34.46782684,714.961731,2162.85,3.7018,0
147,29.22583008,-24.10791397,17.48456383,4.76179266,22.57208252,19.13318825,1342.784058,760.62,2.495,0
148,13.97241211,-15.67193699,20.36075974,104.451416,340.5483093,12.19930744,711.9002075,416.07,2.1321,0
149,45.79168701,33.28287125,0.43451649,7.316679478,195.5914612,29.12597084,810.6776733,2207.28,2.9332,0
150,32.66967773,3.397724867,0.282983184,1.970159888,179.9592896,23.3576622,562.8685303,2336.2,2.7463,0
151,35.05987549,2.769027233,2.54731226,6.083913803,271.2842102,27.91666603,746.3016357,2421.83,2.58,0
152,26.41149902,48.70251083,-2.12829113,2.491764307,233.9908142,16.87865829,617.895752,2560.72,2.2537,0
153,37.8694458,-1.77101171,18.04647636,8.495322227,257.7669678,27.24627304,736.2998657,471.42,2.792,0
154,43.38665771,3.192364931,1.8361938,4.235993385,196.1366882,31.48846245,672.4402466,2284.4,2.8499,0
155,63.08868408,-1.175724864,17.7974472,6.011553764,345.4996948,43.23331833,667.857666,917,4.1507,0
156,34.82507324,0.900395155,3.414345264,4.937633514,140.8723755,21.68422127,977.829895,2000.97,2.0717,1
157,29.50170898,-36.92776871,18.99725533,20.66583061,272.3114014,21.13436508,875.9001465,638.81,2.0126,0
158,6.889587402,-386.898407,19.5613308,55.48645401,179.6531372,2.947190762,770.7764893,626.45,1.1928,1
159,41.33496094,-2.571057081,18.5808506,13.59736729,196.1183624,28.52287674,855.9719238,463.7,3.0273,1
160,19.06384277,5.881047726,-0.277531266,2.069565773,67.44970703,14.80152225,168.52742,2617.72,2.1454,0
161,21.78564453,163.9645844,-1.036999345,7.877414703,177.8183289,17.63757706,522.9680176,2514.37,2.2984,1
162,32.35296631,-3.922528028,18.26394653,11.02830315,324.7877197,16.52966118,534.8053589,693.11,2.3677,0
163,31.2359314,-3.48368454,19.43870163,6.895529747,189.1964569,22.93164635,353.6229553,574.82,2.6612,1
164,19.22427368,-800.6573486,21.85670471,369.5247192,332.5996704,14.73763371,287.9811096,281.21,1.9203,0
165,48.10545349,-4.657248974,16.92911148,2.638180017,314.1754456,27.71346283,216.5267181,557.21,2.8416,0
166,34.078125,13.54836082,0.568491042,4.337255478,228.7046051,23.44190788,308.7663574,2585.63,2.5005,0
167,22.84954834,-66.05450439,18.54079819,13.51412773,161.6551971,18.07275009,188.7891083,509.33,2.2396,0
168,31.49490356,-1.121514082,16.71607208,2.125652552,275.121582,21.23824692,373.7935791,626.88,2.183,0
169,31.92672729,-10.04723263,19.05141449,21.03445053,228.0793915,21.45698738,320.9239807,317.64,2.486,1
170,39.70114136,3.619300127,2.109372139,5.413546085,341.694458,28.41587257,509.6777039,2307.47,2.8883,0
171,17.56440735,-5.770325184,19.29137039,18.00349045,2.966819763,15.80465412,162.8038177,611.75,2.0767,0
172,24.63157654,-1.666552901,19.96786499,17.9555378,32.36722183,15.97674847,90.57626343,212.79,2.0894,0
173,35.1625061,-15.88755417,17.81643486,6.84160471,176.8599243,28.02768898,292.5954895,678.3,2.3879,0
174,9.89766407,-1849.955811,21.9883213,5.099086285,355.6981812,4.57747221,13.39077663,113.25,1.0543,1
175,32.75093842,0.253750622,2.836379528,1.90977335,137.1102295,21.22925949,75.61196899,2261.03,2.3801,1
176,5.934727669,2.126646519,0.631436348,1.912952423,355.0773315,4.021278381,15.50472355,2248.8,1.1845,1
177,13.32940674,4.92706728,0.708287299,3.027004004,357.7923889,11.10932827,41.37902069,2499.3,1.7443,0
178,22.48232269,-1284.960205,20.26259995,32.19313049,236.7703857,11.4952116,82.10747528,368.03,1.78,1
179,20.70930481,17.44557571,0.445425779,5.013000965,312.1902161,12.51142788,103.6389618,2648.8,2.094,0
180,16.2359314,-3.658615351,18.10836411,7.662601471,273.6505127,12.35315514,270.063324,461.47,1.8421,0
181,24.97744751,-1.00951767,17.49237442,4.710811615,198.7781982,19.25150871,317.8269043,625.59,2.2006,1
182,41.72946167,-8.551625252,17.96864891,7.353103638,339.1296997,27.11843109,234.1794891,463.58,2.4948,0
183,24.95690918,-3.447998762,17.82273102,6.124411106,158.0303497,18.04088974,361.3195496,883.96,1.9046,0
184,16.77114868,-16.10857773,18.56321335,13.04309464,323.4293518,12.14211845,500.5883179,785.34,1.8719,0
185,32.72644043,9.354454041,2.550933123,10.37058544,6.208297729,24.7939167,469.243988,2096.3,2.8638,0
186,34.89099121,0.272328705,3.544733524,3.028632879,56.13282013,19.5333519,526.0057983,2196.74,2.5912,1
187,16.97575378,107.7875824,-0.875671089,6.382867813,19.03474426,13.82097054,107.9244461,2722.76,1.7169,1
188,42.65142822,20.49152565,1.308061004,8.744865417,75.18164825,29.92802238,993.7875977,2370.73,2.9508,1
189,29.54516602,-8.525619507,18.89902496,19.18297195,129.6540985,19.87702179,232.9738617,577.5,2.3555,1
190,31.02706909,-8.524032593,17.83774948,6.653213501,357.4872437,23.91701889,522.59729,541.02,2.9997,1
191,33.80311584,1.203682899,1.188465118,1.915044069,51.67612457,25.33966827,277.7293091,2151.78,2.7129,1
192,27.81866455,-12.27275562,17.0635891,2.779921532,326.0079956,18.30068016,267.2072754,947.06,2.5068,0
193,62.11627197,0.914426744,3.314935923,5.111011028,100.632782,41.81087875,758.1533813,2340.21,3.8785,0
194,13.80351257,-6.371460915,16.97682953,2.899849176,205.2215424,8.104870796,186.3522339,823.78,1.7125,1
195,33.4041748,-3.146302462,17.21637154,3.790004492,269.0505981,25.59632301,238.2704773,652.5,2.9132,0
196,32.72247314,104.8967361,1.76831162,27.09615326,356.949585,25.7222271,863.8795776,2221.15,2.75,0
197,23.35916138,-11.66678143,19.30593491,28.38099098,166.1132812,16.40500259,321.9536438,634.47,1.8596,0
198,18.46298218,3.080114603,1.044417858,2.930947304,198.6494598,13.0822382,371.4825745,2568.37,1.7769,0
199,25.49462891,-63.04239655,20.04286957,9.90141964,115.5074692,18.80506706,301.8847046,640.45,2.5297,0
200,45.13879395,52.35243988,6.101023674,49.90135574,185.3809509,32.81366348,696.4559937,1997.95,3.3894,0
201,36.15838623,-48.53900146,20.1723671,64.75489044,254.0783386,25.30314827,863.9940796,504.82,2.6006,0
202,41.62457275,-4.100553036,17.27885818,3.869167089,283.9682312,29.80734825,454.8065186,518.73,2.9346,0
203,18.32319641,6.217265129,2.968174696,4.079688072,31.13773727,12.38037968,171.8423157,2005.92,1.4354,0
204,36.25164795,1.45209682,1.333715439,2.280918598,238.5477448,21.08800888,468.5851746,2539.81,2.6808,0
205,45.11117554,11.2063942,2.033308268,9.511942863,253.0601044,30.3263607,402.6300354,2322.94,3.2167,0
206,31.27597046,-24.83294678,18.74688148,17.43775368,251.154129,21.52481079,439.6406555,332.68,2.3951,0
207,13.27274323,1.156489372,1.804333448,2.30662775,3.686042786,12.69558048,80.33666229,2093.63,1.8437,0
208,20.01763916,-117.0938339,17.12921524,3.036570787,259.1066895,15.25029373,127.3011093,823.56,1.5485,0
209,7.328521729,-20.5500946,17.11321259,3.042156696,311.9624939,5.079902649,152.8528137,495.96,1.1725,0
210,30.50475311,7.725244522,1.196658492,5.226547241,293.4910889,19.8282547,50.48728943,2184.81,2.5705,0
211,10.67148972,-15.12785625,19.07884216,6.155445576,268.5040588,6.245872974,13.34690285,568.85,1.5478,1
212,35.75978851,0.869719446,2.934909821,3.805461407,137.2187195,20.56644821,128.5763855,2274.42,2.4215,0
213,5.626148224,10.11493397,1.930853248,9.012242317,341.6975403,2.748899221,14.15034389,2356.07,1.1035,0
214,22.28115845,4.058073521,0.64555186,2.464792252,49.10624313,11.16788483,167.8976898,2272.32,1.8558,1
215,12.02555847,-447.4266052,19.95953751,1.967408538,332.1624146,9.015565872,111.9154739,561.43,1.4894,1
216,15.9045105,79.41278839,1.841913223,21.51696014,297.3283386,11.0041914,274.2590027,2157.72,1.3521,0
217,22.20123291,22.33697128,3.511596918,30.82553673,101.7331161,17.78238106,86.27944183,2032.8,2.159,1
218,21.5061264,0.411677718,3.776430607,4.057597637,341.0490112,16.4380703,76.45514679,2216.54,2.1466,1
219,16.04266357,-6.428192616,17.67292404,5.259901524,260.5951843,12.07471371,93.65332031,761.59,1.9846,0
220,44.76715088,33.10635757,-0.778044224,3.713339329,13.11154938,32.50179672,713.9078979,2728.88,2.9037,0
221,35.81619263,-171.1059875,19.8347168,11.47503853,40.58995819,25.14724731,139.2057495,546.78,2.6519,0
222,34.60253906,0.450201631,1.666570425,1.38351202,58.52160263,20.92826462,293.5554504,2341,2.3657,0
223,7.145877838,-713.5723267,21.83000183,107.13591,331.8762817,4.087968349,20.3838768,62.86,0.98,0
224,5.529762268,49.21066666,7.216874123,255.4835815,181.2901154,3.368562937,-34.4383812,1678.93,1.2474,0
225,13.41096497,1.818277955,6.195641041,22.22135925,240.7443695,10.50203991,49.68925858,1731.04,1.7993,0
226,14.28853416,0.999751866,3.27865696,4.704715729,158.5150452,10.83667564,9.84129715,2015.67,1.6152,0
227,47.05249023,2.097642422,1.87184155,3.73452878,336.6538391,32.45905304,292.5397339,2522.57,3.6,0
228,6.12620163,54.08386993,-0.546596587,5.791701317,252.1260529,4.654995441,25.00682068,2477.39,1.1761,1
229,9.531524658,0.397570431,1.262435555,1.054453135,305.1085815,7.356790543,33.67847824,2543.77,1.3401,0
230,35.84527588,-0.104233503,16.46533966,1.48370409,128.3695984,24.01149368,267.1641846,874.57,2.5017,0
231,34.73410034,4.870538712,0.885019183,3.450181484,162.5396729,26.25378227,148.6611176,2533.35,2.5909,0
232,13.43542385,-12.90144539,21.04984474,3.990052938,351.5717773,9.893697739,16.72493362,346.31,1.4954,0
233,21.93341064,-24.28869438,18.69344139,14.40558243,133.4223022,14.52072239,275.8659363,621.94,1.6448,0
234,18.91802979,1.927664518,2.180941343,3.976228952,177.4348755,9.260422707,76.75883484,2251.04,1.5245,0
235,20.84949493,-10.1743288,17.42471313,4.12769556,255.0324554,16.45559311,121.8045883,559.52,2.0787,0
236,5.582456589,-41.87912369,17.92287254,6.904239655,272.8852234,4.751812458,10.86402988,772.71,0.7902,0
237,3.387889862,2.166275024,0.093704849,1.513254762,277.1733704,2.283561945,62.8557663,2356.42,1.0534,0
238,3.554094315,6.497720242,3.922913313,15.55284309,228.1386566,2.268288612,13.5044651,1840.63,1.0811,0
239,26.02336121,1.761422157,0.829756141,1.907831907,63.86043549,23.00827789,158.5943756,2464.28,2.6294,1
240,18.58625793,14.04810143,0.56556797,4.881965637,183.3049011,15.31470966,95.814888,2256.83,2.2282,1
241,18.4245491,-28.91641998,19.03861809,18.03512383,122.0719376,13.38398075,30.57824135,768.78,2.0222,1
242,26.84698486,1.983303308,2.674739122,5.308569908,177.1481934,22.21528625,356.2499084,2431.77,2.3469,0
243,26.53608704,2.585247993,0.830476344,2.323530197,348.0333252,17.74333572,160.3983917,2598.9,2.0102,0
244,29.28408813,-375.7571716,17.88706398,5.638371468,17.92751312,9.492994308,40.70591354,600.18,1.695,0
245,11.66479492,27.19544792,-2.711860895,1.190823436,273.3710327,7.079724789,604.5457764,2507.73,1.3005,0
246,16.08733368,11.07327366,1.24923265,5.72344923,117.5900574,12.09571648,122.3812637,2563.24,1.516,0
247,5.202177048,5.292962074,2.876755238,6.803514004,44.168293,3.128133535,32.13547897,2148.45,1.6078,0
248,45.82290649,-59.14604187,17.88495445,7.682698727,129.5830841,24.65972328,178.1296387,898.64,2.5801,0
249,3.092590332,-32.76790619,18.94356537,16.12539673,285.9921265,1.761526465,794.6066895,789.98,0.9119,0
250,17.62360001,-61.46516037,19.96099472,48.65426254,40.58333206,10.92498398,-18.4146309,631.7,1.2411,0
