rain_1d,rain_3d,rain_5d,rain_7d,rain_10d,rain_15d,rain_30d,rain_60d,rain_90d,rain_event_day,rain_3d_ratio,rain_15d_ratio,lat,lon,date,landslide,trigger,size
3.7,17.9,38.7,56.30000000000001,75.80000000000001,120.49999999999999,156.69999999999996,194.09999999999997,260.9,3.7,1.542231638418079,2.076412429378531,11.34165808,76.8694278,2017-06-01,1,rain,small
2.0,5.9,16.5,22.6,35.699999999999996,83.39999999999999,206.20000000000002,472.9,931.9000000000001,2.0,0.4258163748225272,1.2038334122101275,11.34165808,76.8694278,2013-09-01,0,,
2.8,14.100000000000001,33.0,39.9,45.8,49.9,75.29999999999998,75.8,78.49999999999999,2.8,1.4148708669189014,1.0014476065142293,11.34165808,76.8694278,2016-06-03,0,,
0.0,0.2,0.2,1.6,27.5,29.400000000000002,57.00000000000001,310.40000000000003,627.5,0.0,0.017571654904220076,0.5166066541840704,11.34165808,76.8694278,2016-10-06,0,,
4.3,12.1,19.200000000000003,21.6,66.89999999999999,122.39999999999998,208.10000000000002,513.0,1065.4,4.3,0.8328349788434414,1.6849421720733422,11.34165808,76.8694278,2013-08-27,0,,
96.3,302.9,362.90000000000003,406.09999999999997,475.90000000000003,551.5,579.0,666.3,676.8,96.3,16.432675204553536,5.983902525791533,12.89674168,74.85970453,2017-06-12,1,rain,small
7.4,44.6,63.9,95.89999999999999,164.8,227.8,289.59999999999997,795.7,1336.7,7.4,2.2441639858120928,2.292468860843026,12.89674168,74.85970453,2013-09-19,0,,
9.2,39.8,147.29999999999998,205.4,277.1,315.70000000000005,395.00000000000006,631.6,705.7,9.2,2.006280472688207,3.182827865465664,12.89674168,74.85970453,2015-06-16,0,,
7.4,19.700000000000003,22.0,31.299999999999997,39.699999999999996,109.39999999999999,110.1,116.8,117.80000000000001,7.4,1.276706507304117,1.4179867197875164,12.89674168,74.85970453,2016-05-26,0,,
4.2,27.4,98.20000000000002,141.0,270.09999999999997,455.9,727.5000000000001,921.2000000000002,927.9000000000001,4.2,1.5606704327933143,5.19350109715673,12.89674168,74.85970453,2016-07-02,0,,
11.3,45.8,115.7,167.3,216.10000000000002,264.5,434.80000000000007,551.7,734.5999999999999,11.3,3.5949301936563076,4.152222865598661,8.558668245,76.89785918,2017-06-05,1,construction,medium
14.9,45.0,120.69999999999999,142.8,241.8,318.3,422.2,640.4999999999999,780.5999999999999,14.9,2.1573404589751646,3.0519176359635334,8.558668245,76.89785918,2015-05-21,0,,
5.0,37.0,37.0,37.0,42.5,108.10000000000001,150.5,405.5,600.2,5.0,1.9818237695921326,1.1580278350968085,8.558668245,76.89785918,2013-11-01,0,,
0.5,0.8,6.0,6.9,8.8,24.500000000000004,62.1,136.5,307.6,0.5,0.04947784649700903,0.3030518097941803,8.558668245,76.89785918,2016-09-12,0,,
1.2,5.7,15.799999999999999,54.6,86.60000000000001,174.99999999999997,245.4,420.1,463.90000000000003,1.2,0.27532961159282576,1.6906204220612104,8.558668245,76.89785918,2015-05-02,0,,
47.7,90.0,106.10000000000001,124.4,159.8,326.2,724.4999999999999,793.3,925.2,47.7,3.0780444045750164,2.2312401883830453,12.6771,75.2565,2011-06-27,1,rain,medium
0.0,0.0,0.6,0.6,0.6,0.6,323.3,453.8,775.5,0.0,0.0,0.0049317837291561395,12.6771,75.2565,2008-11-14,0,,
1.5,9.2,50.0,148.6,302.5,403.2,913.4000000000001,1099.3,1243.2,1.5,0.35408057036499574,3.1035931732862236,12.6771,75.2565,2010-07-10,0,,
18.4,66.1,96.80000000000001,108.1,140.79999999999998,314.9,600.2,1452.4000000000003,2323.1,18.4,2.3301548774849743,2.2201687471104945,12.6771,75.2565,2010-09-09,0,,
27.6,49.1,58.400000000000006,88.9,166.4,438.40000000000003,1052.4,1524.1999999999998,1687.8,27.6,1.8155422197975393,3.24209250166697,12.6771,75.2565,2009-07-28,0,,
6.1,36.8,37.199999999999996,42.9,46.1,101.80000000000001,188.99999999999997,337.3,524.7,6.1,1.9901591382596744,1.1010771754067112,8.4557,77.009,2013-11-13,1,downpour,medium
9.8,47.5,77.0,92.39999999999999,99.5,143.6,166.9,510.5000000000001,639.8,9.8,2.525274533728429,1.5268607286037996,8.4557,77.009,2011-07-18,0,,
9.5,21.5,32.2,39.3,54.599999999999994,125.39999999999999,202.10000000000002,467.79999999999995,602.5,9.5,1.1378622245358319,1.3273295158771474,8.4557,77.009,2011-07-29,0,,
0.2,0.2,0.30000000000000004,52.00000000000001,87.00000000000001,111.49999999999999,265.79999999999995,449.8,947.6000000000001,0.2,0.009454799085519433,1.0542100980354165,8.4557,77.009,2010-09-04,0,,
12.0,35.8,37.8,47.5,60.599999999999994,61.7,104.6,248.10000000000002,330.5,12.0,2.801898896587118,0.9657942006671798,8.4557,77.009,2013-05-02,0,,
77.0,106.5,165.3,193.6,210.39999999999998,236.6,327.9,612.7,741.4000000000001,77.0,3.6017630426345844,1.6003326495536951,9.6326,76.9792,2011-06-01,1,downpour,medium
29.4,55.7,73.0,127.5,184.6,255.7,536.9,1125.7,1303.4,29.4,2.235696660634973,2.0526665569995064,9.6326,76.9792,2007-07-25,0,,
11.8,34.2,66.6,106.2,156.20000000000002,227.60000000000002,337.29999999999995,776.6,1143.5,11.8,1.1996549741230593,1.5967337550316276,9.6326,76.9792,2010-10-05,0,,
15.7,19.4,62.0,147.29999999999998,194.89999999999998,219.0,326.2,949.9000000000001,1494.8999999999999,15.7,0.6450804033796674,1.4564186426819294,9.6326,76.9792,2010-08-21,0,,
6.9,29.6,45.199999999999996,61.4,88.9,133.79999999999998,255.39999999999998,421.1,755.8,6.9,0.9939720899507306,0.8986044975365388,9.6326,76.9792,2008-06-02,0,,
7.7,155.2,357.9,460.7,640.6,750.9000000000001,989.6,1187.2,1322.4,7.7,5.626530369665993,5.4445382146677765,11.2738,75.8275,2007-06-25,1,rain,medium
0.0,2.8,8.7,82.5,133.29999999999998,133.3,256.90000000000003,482.3,831.6,0.0,0.12298387096774192,1.170982142857143,11.2738,75.8275,2005-11-30,0,,
6.9,34.6,182.3,355.4,547.4,587.5999999999999,630.9,741.8999999999999,762.3999999999999,6.9,1.2850315078084569,4.364650369874273,11.2738,75.8275,2006-06-04,0,,
21.1,45.400000000000006,63.50000000000001,79.19999999999999,82.20000000000002,86.9,235.70000000000005,387.00000000000006,815.5999999999999,21.1,1.998052018325458,0.764893041376574,11.2738,75.8275,2004-10-19,0,,
13.8,88.7,106.3,111.7,132.3,140.5,273.6,978.2,1745.6999999999998,13.8,3.749748778543956,1.1879136491215914,11.2738,75.8275,2003-08-24,0,,
6.4,31.5,31.9,32.5,35.5,47.1,93.4,122.3,189.4,6.4,5.298497173583344,1.5845029642906385,8.1747,77.444,2013-11-13,1,downpour,medium
5.7,22.7,25.499999999999996,26.2,26.2,26.400000000000002,81.30000000000001,130.29999999999998,304.8,5.7,3.003687635574837,0.6986550976138829,8.1747,77.444,2013-08-31,0,,
0.0,5.4,6.8,21.400000000000002,28.000000000000004,30.500000000000007,50.1,119.39999999999998,153.90000000000003,0.0,0.5983107801289619,0.6758695849604941,8.1747,77.444,2011-07-22,0,,
0.0,4.7,12.3,15.8,27.9,34.0,43.00000000000001,59.00000000000001,107.4,0.0,0.8491041018806457,1.2284910410188066,8.1747,77.444,2013-05-09,0,,
0.0,2.2,2.5,2.5,7.6000000000000005,34.8,41.4,56.89999999999999,176.8,0.0,0.32656040880885756,1.0331183842316582,8.1747,77.444,2012-06-27,0,,
9.2,39.4,56.5,76.2,94.8,111.9,201.7,439.5,773.0999999999999,9.2,1.3848458657447422,0.7866205704407951,9.7327,76.8403,2008-05-28,1,downpour,medium
13.4,34.7,35.7,38.9,55.5,103.5,149.0,410.1,508.59999999999997,13.4,1.5521173235563706,0.9259028414298809,9.7327,76.8403,2007-06-07,0,,
1.0,28.4,39.4,54.7,97.60000000000001,118.10000000000001,241.29999999999998,384.7,422.7,1.0,1.1667171768192073,0.9703471731151296,9.7327,76.8403,2007-05-11,0,,
21.4,32.9,32.9,37.9,40.0,47.3,246.8,437.5,916.4,21.4,1.4528015057188362,0.4177356305197626,9.7327,76.8403,2005-10-05,0,,
1.1,5.800000000000001,28.400000000000002,69.5,153.3,281.1,453.00000000000006,853.9,1106.4999999999998,1.1,0.2659450520539708,2.577832901116248,9.7327,76.8403,2004-06-22,0,,
6.1,36.8,37.199999999999996,42.9,46.1,101.80000000000001,188.99999999999997,337.3,524.7,6.1,1.9901591382596744,1.1010771754067112,8.4951,76.921,2013-11-13,1,downpour,medium
10.4,18.200000000000003,19.8,25.6,39.4,55.00000000000001,146.39999999999998,348.20000000000005,397.0,10.4,0.9384615384615387,0.5672020287404903,8.4951,76.921,2010-05-19,0,,
1.6,3.5,3.9000000000000004,3.9000000000000004,7.4,8.399999999999999,54.9,246.79999999999998,350.70000000000005,1.6,0.26143390681442474,0.12548827527092385,8.4951,76.921,2012-10-01,0,,
3.5,17.9,57.1,64.6,76.0,88.4,223.79999999999998,314.2,580.6,3.5,1.1424535704943761,1.128412241695004,8.4951,76.921,2012-07-05,0,,
59.4,95.69999999999999,150.1,197.4,247.1,376.4,605.4,861.0,945.3,59.4,5.591131117709031,4.398122785173833,8.4951,76.921,2013-06-22,0,,
83.1,170.3,197.3,206.5,271.6,492.5,802.6,1385.9,1787.1,83.1,5.958985831469054,3.4466242184362987,12.6445,75.605,2008-08-10,1,downpour,medium
57.3,178.10000000000002,235.8,272.7,547.0999999999999,752.5,937.0999999999999,1113.2,1271.0000000000002,57.3,6.414607504502111,5.420541434180615,12.6445,75.605,2007-07-01,0,,
10.7,27.099999999999998,42.0,48.599999999999994,51.3,57.89999999999999,93.2,207.4,386.3999999999999,10.7,0.8079865099342602,0.3452577042449717,12.6445,75.605,2008-05-24,0,,
8.6,31.700000000000003,53.00000000000001,64.19999999999999,79.7,221.1,292.09999999999997,824.9,1430.0,8.6,1.301628971459343,1.8157108239095314,12.6445,75.605,2005-10-23,0,,
0.0,5.300000000000001,31.7,62.300000000000004,93.39999999999999,95.0,263.1,415.90000000000003,1056.8,0.0,0.23744996511329006,0.8512357239910396,12.6445,75.605,2004-10-22,0,,
67.7,157.6,195.89999999999998,235.59999999999997,263.7,292.3,359.6,683.4999999999999,754.6,67.7,5.3243243243243255,1.9750000000000005,9.8721,76.7046,2011-06-02,1,downpour,medium
3.0,70.4,113.4,176.9,222.9,326.0,669.4,980.7999999999998,1202.4,3.0,2.365018173807688,2.190329331424165,9.8721,76.7046,2010-07-06,0,,
0.4,26.0,49.699999999999996,128.3,191.70000000000002,276.59999999999997,417.8,838.1,1105.5,0.4,0.9532109264657271,2.0281395558493855,9.8721,76.7046,2007-10-31,0,,
4.5,10.7,12.100000000000001,48.800000000000004,148.20000000000002,188.4,444.29999999999995,778.9,1054.3,4.5,0.4072375604429886,1.4340851661207297,9.8721,76.7046,2008-08-21,0,,
27.6,46.0,53.9,53.9,62.9,153.89999999999998,476.30000000000007,974.6,1209.3999999999996,27.6,1.8798780692057753,1.2578836297859513,9.8721,76.7046,2009-07-31,0,,
50.0,73.4,98.9,173.0,271.1,453.7,695.6999999999999,929.0999999999999,935.4,50.0,4.087270071660048,5.052845862430964,12.8041,74.8678,2016-07-04,1,unknown,small
10.7,21.0,28.400000000000002,34.0,44.2,61.000000000000014,217.99999999999994,431.6,889.7,10.7,1.2218618847768026,0.7098435711560475,12.8041,74.8678,2015-10-02,0,,
0.9,5.800000000000001,6.1000000000000005,10.9,10.9,54.89999999999999,88.80000000000001,625.8,1085.4,0.9,0.2930748840291584,0.554821073558648,12.8041,74.8678,2012-10-15,0,,
1.7,4.3,16.0,28.7,61.60000000000001,121.50000000000001,296.7,952.8,1800.9,1.7,0.19922527722922675,1.125854473644235,12.8041,74.8678,2013-08-28,0,,
5.1,28.6,74.0,99.5,162.29999999999998,254.6,555.7,739.1,869.3000000000001,5.1,1.3862534763607466,2.4681128327373854,12.8041,74.8678,2015-06-28,0,,
25.4,62.6,106.5,133.5,236.20000000000002,469.09999999999997,793.8,1434.6000000000001,1511.9,25.4,2.7280585818896235,4.08860153598857,12.896,74.8735,2010-07-29,1,downpour,medium
0.3,0.8999999999999999,1.8,5.8999999999999995,6.8999999999999995,11.3,240.90000000000003,578.5,899.9,0.3,0.043821839080459765,0.11004150702426566,12.896,74.8735,2009-10-25,0,,
4.6,20.3,21.4,26.200000000000003,52.49999999999999,209.09999999999997,414.6000000000001,693.2,1487.5,4.6,1.0008082114281098,2.061763517336135,12.896,74.8735,2009-09-15,0,,
44.9,57.2,57.599999999999994,57.7,59.2,62.4,73.4,412.79999999999995,824.6,44.9,2.8273235556275824,0.6168705939551089,12.896,74.8735,2009-11-08,0,,
0.8,2.4000000000000004,8.2,24.0,62.00000000000001,166.20000000000005,628.3,1444.3,2019.9999999999998,0.8,0.10328406645737065,1.4304843204345836,12.896,74.8735,2007-08-17,0,,
4.0,25.6,37.0,49.7,70.9,86.2,115.19999999999999,256.6,469.70000000000005,4.0,2.7798842901646643,1.872078326657766,12.9711,76.2728,2010-10-03,1,rain,medium
0.1,5.8999999999999995,11.7,35.9,72.39999999999999,120.90000000000002,186.80000000000004,380.4,454.9,0.1,0.7448261589403974,3.0525248344370866,12.9711,76.2728,2007-08-12,0,,
8.6,18.9,32.9,40.0,62.099999999999994,62.2,101.9,129.60000000000002,149.8,8.6,2.1796010965119574,1.4346157481803572,12.9711,76.2728,2009-05-24,0,,
5.2,11.7,18.2,27.8,45.4,47.5,79.5,166.0,175.29999999999998,5.2,1.8516020236087691,1.5034375405370348,12.9711,76.2728,2007-06-14,0,,
7.4,19.4,25.799999999999997,47.6,54.99999999999999,107.6,122.2,256.79999999999995,419.8,7.4,2.1028876055086627,2.332687694358063,12.9711,76.2728,2009-11-20,0,,
35.3,52.4,61.0,107.9,155.7,178.0,235.60000000000002,495.19999999999993,820.0999999999999,35.3,2.5703831771943233,1.746290860841945,9.7285,76.803,2012-08-17,1,downpour,medium
16.1,39.3,142.70000000000002,154.9,164.4,184.1,322.5,600.5,783.3000000000001,16.1,1.5227720256621988,1.4266785237883501,9.7285,76.803,2008-07-19,0,,
0.1,10.799999999999999,25.900000000000006,27.400000000000006,90.59999999999998,196.29999999999995,393.80000000000007,748.0,1143.6,0.1,0.3825117575335307,1.3905010741450385,9.7285,76.803,2011-09-23,0,,
4.7,14.3,23.499999999999996,75.50000000000001,170.20000000000002,197.49999999999997,383.99999999999994,810.1000000000001,1110.5,4.7,0.5197211630123928,1.4355934223069586,9.7285,76.803,2011-09-08,0,,
16.5,32.1,40.6,55.0,114.0,197.6,344.4,753.3000000000001,1103.0,16.5,1.1987511096146193,1.4758456028651015,9.7285,76.803,2011-08-30,0,,
28.5,150.8,162.5,177.2,181.7,198.2,245.6,419.1,585.6,28.5,11.861001869640903,3.1178389530010966,11.4098,76.6939,2009-11-09,1,downpour,medium
1.3,18.400000000000002,36.4,48.199999999999996,81.3,133.0,238.6,281.8,517.3999999999999,1.3,1.133966457870277,1.6393210749646394,11.4098,76.6939,2008-06-04,0,,
7.6,34.2,52.7,58.1,61.6,65.2,194.1,410.9000000000001,738.1,7.6,2.5630566988144237,0.9772590453959088,11.4098,76.6939,2007-08-25,0,,
0.2,6.8,17.599999999999998,41.900000000000006,68.2,119.39999999999999,179.6,340.70000000000005,578.0,0.2,0.4763435920992191,1.6728066146072575,11.4098,76.6939,2008-08-02,0,,
1.6,18.1,46.9,75.89999999999999,111.6,179.1,272.90000000000003,411.5,548.6,1.6,1.4617064936784272,2.8927252267160917,11.4098,76.6939,2006-11-12,0,,
39.0,84.1,119.19999999999999,163.7,189.4,230.79999999999998,409.59999999999997,1202.7000000000003,1535.1000000000001,39.0,3.2376775007888923,1.7770653202903122,11.3192,76.5959,2013-07-25,1,downpour,medium
7.5,15.0,17.8,18.1,22.9,49.99999999999999,141.7,504.2,792.3000000000001,7.5,0.64854520324627,0.4323634688308466,11.3192,76.5959,2012-08-06,0,,
5.0,10.7,17.1,24.7,163.4,317.09999999999997,554.6,1086.6000000000001,1357.7,5.0,0.3292224660159895,1.951335401377014,11.3192,76.5959,2011-09-10,0,,
0.0,23.6,41.8,51.99999999999999,55.099999999999994,110.7,456.09999999999997,814.3,1297.1999999999998,0.0,0.7430001806404996,0.697034915227994,11.3192,76.5959,2011-06-29,0,,
13.9,15.200000000000001,16.3,17.5,21.2,45.0,286.4,825.9999999999999,1301.4,13.9,0.4815247591597207,0.2851133442393083,11.3192,76.5959,2011-09-30,0,,
6.1,36.8,37.199999999999996,42.9,46.1,101.80000000000001,188.99999999999997,337.3,524.7,6.1,1.9901591382596744,1.1010771754067112,8.4863,76.9517,2013-11-13,1,downpour,medium
0.0,3.7,16.099999999999998,35.7,93.0,173.79999999999998,498.09999999999997,717.7000000000002,931.6,0.0,0.19239621515642316,1.8074844429289916,8.4863,76.9517,2009-11-28,0,,
13.2,35.400000000000006,55.5,80.7,98.5,121.10000000000001,157.6,430.30000000000007,648.3000000000001,13.2,1.6826274983441774,1.1512214127089258,8.4863,76.9517,2010-09-30,0,,
5.8,20.5,22.5,26.7,66.6,67.8,132.7,440.6000000000001,617.3,5.8,1.096593151225501,0.7253562502740386,8.4863,76.9517,2011-07-13,0,,
23.9,28.2,33.2,43.2,72.19999999999999,85.39999999999999,121.1,378.1,514.2,23.9,1.8739582765945855,1.135007353341685,8.4863,76.9517,2012-06-13,0,,
38.3,146.39999999999998,182.60000000000002,225.3,242.09999999999997,286.5,524.7,658.0,670.4999999999999,38.3,8.919250936329586,3.490936329588015,12.8157,74.8586,2016-06-24,1,downpour,medium
0.0,1.1,5.900000000000001,11.8,12.8,34.3,273.8999999999999,474.4,731.4,0.0,0.06120308295708485,0.38168468098691094,12.8157,74.8586,2015-10-24,0,,
22.0,55.4,68.8,87.8,97.8,184.9,468.69999999999993,1017.2,1347.2000000000003,22.0,3.089031078610603,2.0619561243144426,12.8157,74.8586,2014-08-24,0,,
11.2,64.8,89.8,139.2,246.8,420.5999999999999,599.5000000000001,1035.5000000000002,1728.4,11.2,3.1171043293115677,4.046463212680386,12.8157,74.8586,2012-09-09,0,,
10.9,100.0,166.4,209.5,242.00000000000003,309.7,362.5,565.8,638.6999999999999,10.9,5.139438874378633,3.1833684387901253,12.8157,74.8586,2015-06-14,0,,
3.7,69.4,101.30000000000001,134.49999999999997,152.2,169.2,245.29999999999998,357.0,366.69999999999993,3.7,2.6300944333996026,1.282455268389662,10.3316,76.9592,2016-05-09,1,construction,small
21.0,55.8,87.5,103.7,213.5,362.2,547.5,908.4,1295.1999999999998,21.0,2.0543183052688754,2.666932222825759,10.3316,76.9592,2014-07-23,0,,
20.0,162.3,189.5,226.5,259.0,305.2,585.2,943.9000000000001,1574.1000000000001,20.0,5.69965457685665,2.1436039147956247,10.3316,76.9592,2014-10-20,0,,
31.2,72.6,114.89999999999999,162.6,193.0,225.0,411.09999999999997,734.6999999999999,1111.4000000000003,31.2,2.648446610650958,1.6415991388332385,10.3316,76.9592,2014-07-10,0,,
10.3,53.599999999999994,95.7,122.40000000000002,141.0,202.7,374.90000000000003,755.5999999999999,969.9,10.3,1.8281752355391536,1.3827280606111434,10.3316,76.9592,2014-06-22,0,,
117.3,205.5,255.2,272.2,282.0,429.7,675.5999999999999,1602.5999999999997,1835.1,117.3,7.202654562169616,3.0121466329579407,10.0539,76.8298,2013-08-05,1,monsoon,medium
60.8,138.8,237.10000000000002,263.9,339.0,362.90000000000003,472.30000000000007,956.8,1396.7999999999997,60.8,4.508413205537806,2.3574973375931845,10.0539,76.8298,2009-11-07,0,,
0.0,0.2,0.30000000000000004,7.3,21.400000000000002,156.0,416.1,792.7,1298.8,0.0,0.006159905076872587,0.9609451919921235,10.0539,76.8298,2011-09-27,0,,
2.9,7.800000000000001,35.1,60.39999999999999,164.4,221.70000000000005,422.5,582.3,1017.4,2.9,0.36283219582872617,2.062561482441759,10.0539,76.8298,2012-09-07,0,,
5.8,33.9,50.4,71.9,93.7,105.4,363.19999999999993,746.7,1296.7,5.8,1.0109261567793504,0.628623108699372,10.0539,76.8298,2010-09-16,0,,
11.5,28.2,34.7,56.7,59.8,61.099999999999994,152.9,255.1,318.7,11.5,2.7514395393474085,1.1922904670505436,13.1819,76.1147,2011-07-02,1,rain,small
0.0,0.0,0.0,0.0,0.3,37.0,148.89999999999998,313.4,407.3,0.0,0.0,0.8550052088265933,13.1819,76.1147,2009-10-26,0,,
2.6,9.0,14.4,25.1,61.00000000000001,114.09999999999998,263.50000000000006,330.4000000000001,410.7,2.6,1.1581056850543192,2.9364413036599513,13.1819,76.1147,2007-07-08,0,,
5.4,10.2,11.0,34.7,61.800000000000004,83.60000000000001,89.7,274.29999999999995,579.9,5.4,0.9697630922693266,1.5896508728179553,13.1819,76.1147,2008-10-15,0,,
0.0,0.4,4.1000000000000005,7.6000000000000005,10.4,13.800000000000002,64.5,64.5,86.7,0.0,0.03887207264616855,0.268217301258563,13.1819,76.1147,2011-05-07,0,,
0.9,14.4,18.699999999999996,25.5,35.0,141.4,185.20000000000002,277.29999999999995,288.3,0.9,0.9252159258479038,1.8170212765957443,11.2993,76.9354,2011-06-16,1,rain,medium
1.3,2.0,3.2,6.8,68.1,76.00000000000001,123.00000000000001,151.8,284.3,1.3,0.12164115858218257,0.9244728052245876,11.2993,76.9354,2008-06-17,0,,
0.2,7.7,13.2,14.299999999999999,16.8,75.20000000000002,92.3,101.90000000000002,127.60000000000001,0.2,0.4937194513060388,0.964355915278289,11.2993,76.9354,2011-05-06,0,,
15.8,20.3,32.2,38.400000000000006,58.099999999999994,82.2,177.2,500.8,832.6999999999998,15.8,1.368741019122361,1.1084779484912124,11.2993,76.9354,2010-10-13,0,,
6.5,12.1,90.39999999999999,200.8,229.10000000000002,280.8,330.40000000000003,392.90000000000003,414.29999999999995,6.5,1.1731701502026541,5.445060796312484,11.2993,76.9354,2007-06-27,0,,
85.6,158.89999999999998,215.49999999999997,239.6,267.5,394.29999999999995,726.3,1662.5999999999997,2040.8,85.6,5.634260470253147,2.796210073531549,10.3228,76.4319,2013-08-05,1,monsoon,medium
30.0,59.1,74.6,107.9,139.2,207.2,371.5,580.5,679.9,30.0,2.0069587485386626,1.407248232477871,10.3228,76.4319,2010-06-05,0,,
6.5,26.0,42.1,70.6,76.69999999999999,82.80000000000001,108.0,572.6,988.3,6.5,1.1933784800601956,0.7600902934537247,10.3228,76.4319,2012-10-16,0,,
17.1,87.1,126.9,153.0,165.29999999999998,230.29999999999998,523.7,915.9,1759.1999999999998,17.1,3.1119896913254848,1.6456744567445674,10.3228,76.4319,2009-09-20,0,,
21.2,70.2,74.1,110.99999999999999,129.7,199.0,532.6,1152.3,1803.8,21.2,2.3396803715339436,1.3264854528069938,10.3228,76.4319,2010-08-14,0,,
6.2,159.5,247.7,297.4,316.2,419.9,693.3,1568.6,1868.7,6.2,5.537248875988847,2.9154743611632803,10.0606,76.6331,2013-08-07,1,monsoon,medium
3.7,4.800000000000001,69.5,102.2,179.79999999999998,256.9,464.50000000000006,799.0,1599.8999999999999,3.7,0.13718140929535239,1.4684126686656673,10.0606,76.6331,2010-09-03,0,,
0.2,0.30000000000000004,7.3,21.2,30.1,188.29999999999998,429.3,818.8000000000001,1304.8000000000002,0.2,0.009224022782832228,1.1579223266715386,10.0606,76.6331,2011-09-25,0,,
16.2,22.299999999999997,37.0,97.3,112.9,147.0,352.5,801.2000000000002,1059.7,16.2,0.7299900721779495,0.9624084359655479,10.0606,76.6331,2011-07-11,0,,
7.6,22.799999999999997,23.200000000000003,46.3,96.89999999999999,184.99999999999997,250.2,545.0999999999999,908.3,7.6,1.0546750587700007,1.7115340866004398,10.0606,76.6331,2012-08-24,0,,
16.7,62.5,105.0,122.5,133.39999999999998,166.8,258.6,543.2,664.4000000000001,16.7,2.156391402714932,1.1509954751131222,9.8012,76.9006,2011-05-31,1,downpour,medium
4.1,43.4,65.3,72.8,79.8,221.9,471.6000000000001,1158.3,1415.3999999999999,4.1,1.4533377250768555,1.4861550285463332,9.8012,76.9006,2010-07-31,0,,
2.0,2.5,6.5,29.299999999999997,116.80000000000001,288.0,519.7,795.9,1036.5,2.0,0.09538403802852137,2.1976482361771326,9.8012,76.9006,2008-08-06,0,,
7.2,10.6,17.900000000000002,25.2,31.7,163.00000000000003,362.49999999999994,821.0999999999999,1082.4000000000003,7.2,0.3992836853155489,1.227985673706311,9.8012,76.9006,2008-08-25,0,,
8.6,24.799999999999997,27.1,27.1,27.9,51.3,173.5,355.4000000000001,381.6000000000001,8.6,1.0641904962892617,0.4402659069325736,9.8012,76.9006,2007-05-25,0,,
123.9,199.2,241.60000000000002,254.9,261.5,400.0,627.6,1450.3,1652.8000000000002,123.9,8.426629680998612,3.3841886269070733,9.8957,76.9346,2013-08-05,1,monsoon,medium
8.7,8.7,10.6,27.099999999999998,72.7,105.10000000000001,405.4,700.6000000000001,1117.6000000000001,8.7,0.35462746408286,0.8568125626461746,9.8957,76.9346,2009-11-30,0,,
35.6,69.80000000000001,83.6,109.9,130.4,135.6,229.19999999999996,640.6000000000001,1001.8000000000001,35.6,2.9787323352455584,1.1573527354134603,9.8957,76.9346,2009-11-06,0,,
5.2,8.8,10.9,13.600000000000001,22.8,61.900000000000006,144.09999999999997,495.99999999999994,665.6000000000001,5.2,0.4918453362653472,0.6919369617005682,9.8957,76.9346,2012-08-04,0,,
9.2,19.6,45.8,53.7,60.2,105.70000000000002,254.49999999999997,395.9,430.29999999999995,9.2,0.8894509745573577,0.9593364082725788,9.8957,76.9346,2012-05-23,0,,
54.1,93.4,99.7,108.9,119.1,173.3,395.90000000000003,711.3000000000002,1460.2999999999997,54.1,3.5159369310993855,1.3047363386713566,11.4816,75.9957,2009-10-03,1,downpour,medium
21.6,70.0,96.19999999999999,189.79999999999998,243.3,288.80000000000007,389.1,504.4000000000001,636.2,21.6,2.2333220010983554,1.8428096969063004,11.4816,75.9957,2008-06-14,0,,
20.7,117.39999999999999,268.3,314.2,340.59999999999997,754.4,1135.2,1390.0,1586.5000000000002,20.7,4.295980803839233,5.521103779244151,11.4816,75.9957,2007-07-04,0,,
6.1,11.5,28.4,38.300000000000004,62.50000000000001,143.2,428.50000000000006,817.5999999999999,932.9000000000002,6.1,0.45810749036766146,1.140886828185202,11.4816,75.9957,2008-07-14,0,,
34.8,75.69999999999999,96.89999999999999,152.9,192.29999999999995,234.39999999999998,553.6999999999999,1222.3,2304.8,34.8,2.4572036716775307,1.521713449514434,11.4816,75.9957,2007-08-31,0,,
30.5,79.1,109.0,125.4,147.5,200.99999999999997,624.9,805.8,878.8000000000001,30.5,3.8851000442851964,1.9744756230121983,12.82402778,75.21163889,2017-06-27,1,rain,small
0.1,11.0,30.500000000000004,65.39999999999999,95.7,118.79999999999998,184.1,291.1000000000001,331.00000000000006,0.1,0.4648423969518531,1.0040595774160026,12.82402778,75.21163889,2015-05-20,0,,
11.9,48.6,71.60000000000001,84.69999999999999,93.4,121.9,198.2,280.1,320.5,11.9,2.051555309504861,1.0291547005293933,12.82402778,75.21163889,2015-05-17,0,,
0.0,0.1,0.1,0.1,0.1,0.1,54.400000000000006,281.40000000000003,602.7,0.0,0.004385334291876348,0.0008770668583752696,12.82402778,75.21163889,2014-11-30,0,,
2.8,10.3,17.5,26.7,35.49999999999999,44.099999999999994,85.8,92.8,98.8,2.8,0.3951199572367387,0.338345439109518,12.82402778,75.21163889,2014-05-04,0,,
11.2,82.7,89.8,127.20000000000002,165.0,217.5,242.3,519.4000000000001,832.8000000000001,11.2,5.432294190491574,2.8573736068486517,11.2777,77.1236,2007-10-30,1,rain,medium
11.4,26.6,31.299999999999997,51.099999999999994,58.2,66.69999999999999,248.40000000000003,271.3,315.79999999999995,11.4,2.1369682602396947,1.0716976162254708,11.2777,77.1236,2006-06-22,0,,
21.0,65.3,98.4,131.5,160.6,194.8,330.19999999999993,711.8,777.5999999999999,21.0,5.076530937360607,3.028815395399223,11.2777,77.1236,2007-08-01,0,,
4.3,40.099999999999994,83.5,119.2,171.6,208.00000000000003,333.49999999999994,745.4999999999999,810.5999999999998,4.3,3.0399552600509536,3.153669297209968,11.2777,77.1236,2007-08-04,0,,
0.0,0.2,1.0999999999999999,2.9,9.1,25.899999999999995,44.400000000000006,55.60000000000001,70.0,0.0,0.02014697382544794,0.5218066220791017,11.2777,77.1236,2007-05-18,0,,
36.0,99.0,130.0,148.2,186.29999999999998,278.6,602.0,1001.8000000000001,1483.3000000000002,36.0,3.361536320623434,1.8919677150013916,9.5988,76.5289,2011-08-07,1,downpour,medium
23.1,68.80000000000001,114.69999999999999,143.70000000000002,224.9,330.5,512.1,842.9000000000001,960.4,23.1,2.868822202474537,2.756237610226263,9.5988,76.5289,2009-06-25,0,,
1.3,14.700000000000001,20.400000000000002,22.3,50.0,65.8,128.7,210.20000000000002,212.90000000000003,1.3,0.6452007483091092,0.5776082889624405,9.5988,76.5289,2009-05-01,0,,
47.1,79.7,130.7,175.39999999999998,233.7,266.59999999999997,475.4000000000001,975.2,1206.2999999999997,47.1,2.991815384615385,2.0015507692307692,9.5988,76.5289,2008-07-23,0,,
13.2,35.0,42.3,67.60000000000001,157.9,248.79999999999998,537.1000000000001,1180.1,1465.3,13.2,1.2481000818426284,1.774441716356834,9.5988,76.5289,2010-07-26,0,,
34.0,98.7,114.80000000000001,118.80000000000001,123.2,136.4,215.9,274.9,316.1,34.0,7.069453413961134,1.9539482181647394,9.751185639,77.08971658,2017-06-27,1,continuous_rain,medium
10.0,48.8,91.1,114.8,162.6,197.19999999999996,263.59999999999997,510.3,573.3000000000001,10.0,1.8788184801817722,1.5184549356223171,9.751185639,77.08971658,2014-06-10,0,,
28.0,55.2,59.3,87.0,172.50000000000003,249.90000000000003,528.0999999999999,802.2,965.9999999999999,28.0,2.3450917574955605,2.123327645645437,9.751185639,77.08971658,2016-07-06,0,,
22.7,46.4,86.6,98.0,125.60000000000001,146.3,259.90000000000003,481.19999999999993,505.5999999999999,22.7,1.7514851485148517,1.104492574257426,9.751185639,77.08971658,2014-06-06,0,,
4.3,7.1,20.1,41.199999999999996,78.6,195.1,445.0,870.5,1079.2999999999997,4.3,0.3104770780314707,1.706312054195491,9.751185639,77.08971658,2016-07-21,0,,
59.0,113.2,120.6,131.9,141.6,212.3,431.69999999999993,749.4999999999999,1505.1000000000004,59.0,3.930219983494123,1.4741796863883432,11.4477,75.8289,2009-10-03,1,downpour,medium
45.8,121.39999999999999,185.3,207.59999999999997,262.7,286.8,580.1999999999999,782.5,877.1999999999999,45.8,4.442351529694061,2.0989562087582483,11.4477,75.8289,2007-06-16,0,,
67.2,135.7,174.10000000000002,182.10000000000002,188.60000000000002,315.2,658.6,1069.3,1478.6000000000001,67.2,5.315929743441543,2.469537295700478,11.4477,75.8289,2008-08-12,0,,
1.2,1.7999999999999998,22.900000000000002,39.400000000000006,125.0,301.8,537.2,873.0000000000001,1381.2,1.2,0.06823266219239374,2.28806860551827,11.4477,75.8289,2006-09-29,0,,
20.1,78.1,96.9,141.29999999999998,154.4,319.09999999999997,458.8,678.9000000000001,756.9,20.1,2.9618277898663345,2.4202797637550506,11.4477,75.8289,2007-06-13,0,,
17.7,22.299999999999997,27.2,48.099999999999994,57.599999999999994,76.39999999999999,252.89999999999998,534.7,899.3000000000001,17.7,0.7823661356185655,0.5360786794731697,9.8678,76.7705,2010-10-27,1,downpour,medium
0.3,4.6,27.400000000000002,56.89999999999999,82.60000000000001,126.8,228.50000000000006,336.20000000000005,354.0,0.3,0.1607055926233498,0.8859769193322069,9.8678,76.7705,2010-05-06,0,,
17.5,63.6,138.39999999999998,139.7,151.7,168.49999999999997,312.40000000000003,590.1,769.7,17.5,2.4606602606792887,1.3038404211461008,9.8678,76.7705,2008-07-18,0,,
21.9,102.9,160.1,175.0,208.4,319.69999999999993,621.6,1044.8,1184.9,21.9,3.9196328212813785,2.4355813663044827,9.8678,76.7705,2009-07-18,0,,
7.6,26.200000000000003,38.6,59.5,100.19999999999999,236.89999999999992,619.5000000000002,795.9000000000002,1014.3000000000001,7.6,1.0551264276754473,1.9080874100481935,9.8678,76.7705,2007-07-12,0,,
20.7,68.10000000000001,91.60000000000001,97.7,135.8,201.1,452.6,798.3,1271.6999999999998,20.7,2.1825776283297436,1.2890348342352755,9.4237,76.9371,2011-08-06,1,downpour,medium
13.8,30.8,69.6,85.89999999999999,112.69999999999999,165.4,332.9,798.9999999999999,901.3,13.8,0.9604580425836464,1.0315568846969814,9.4237,76.9371,2010-05-23,0,,
0.2,0.5,4.2,10.5,75.10000000000001,149.79999999999998,289.90000000000003,762.1,1120.0000000000002,0.2,0.018930577537783568,1.1343202060639914,9.4237,76.9371,2008-09-19,0,,
17.2,55.900000000000006,82.9,115.8,140.79999999999998,203.7,332.29999999999995,780.9000000000001,1282.3,17.2,1.6893656023186108,1.2312120686665509,9.4237,76.9371,2010-09-28,0,,
12.8,35.2,60.599999999999994,79.1,94.8,205.50000000000003,454.8,861.5999999999999,1196.7,12.8,1.2593179085657311,1.4703967625582828,9.4237,76.9371,2009-10-26,0,,
3.6,13.299999999999999,41.7,73.0,113.19999999999999,131.4,142.10000000000002,175.10000000000002,183.20000000000002,3.6,1.3190797496138527,2.606422242094139,8.2117,77.312,2016-05-20,1,unknown,small
0.0,1.5,12.7,14.600000000000001,14.600000000000001,28.500000000000004,86.5,487.80000000000007,552.9000000000001,0.0,0.13704785441473827,0.5207818467760055,8.2117,77.312,2014-06-23,0,,
0.9,16.099999999999998,25.6,32.9,39.800000000000004,72.2,112.89999999999999,154.39999999999998,225.7,0.9,1.2167502942451836,1.091296537198786,8.2117,77.312,2015-09-22,0,,
0.0,0.0,2.8,7.6,8.6,134.4,185.0,212.59999999999997,218.39999999999998,0.0,0.0,2.8821937071541575,8.2117,77.312,2012-05-09,0,,
2.4,11.200000000000001,25.699999999999996,50.699999999999996,62.89999999999999,153.8,230.5,283.69999999999993,295.19999999999993,2.4,0.7889601016224957,2.1668225648132116,8.2117,77.312,2015-05-01,0,,
68.8,93.6,124.7,132.2,161.6,298.9,506.1000000000001,1341.4999999999998,1534.3999999999999,68.8,4.129461541243265,2.6373847322171193,9.9995,77.0309,2013-08-04,1,monsoon,medium
2.8,16.7,69.89999999999999,123.5,137.4,170.40000000000003,472.2,714.9999999999999,931.6999999999999,2.8,0.6520723315730517,1.3306961113778208,9.9995,77.0309,2011-06-20,0,,
6.2,9.8,14.399999999999999,28.099999999999998,59.900000000000006,79.50000000000003,281.19999999999993,350.99999999999994,384.49999999999994,6.2,0.4467695527072979,0.724860804902657,9.9995,77.0309,2012-05-18,0,,
4.9,25.200000000000003,32.1,39.4,79.00000000000001,108.5,282.79999999999995,589.6000000000001,1087.4,4.9,1.0121148274953913,0.8715433236765867,9.9995,77.0309,2010-09-22,0,,
31.6,84.6,125.0,144.3,179.5,235.20000000000002,326.7,530.0999999999999,956.8,31.6,3.2459666006227006,1.8048495141051044,9.9995,77.0309,2011-11-01,0,,
31.8,50.599999999999994,58.599999999999994,114.49999999999999,168.9,188.49999999999997,263.9,557.0999999999999,906.0,31.8,2.2610797743755033,1.6846384880228553,10.0604,76.635,2012-08-17,1,downpour,large
4.8,70.7,119.89999999999999,164.50000000000003,177.0,197.20000000000002,281.7,679.8,905.5,4.8,2.6319419016233367,1.4682289759550835,10.0604,76.635,2008-11-25,0,,
10.5,48.3,51.1,52.9,66.30000000000001,84.5,407.3,521.4000000000001,846.3000000000001,10.5,1.8432807807807805,0.6449574574574575,10.0604,76.635,2008-11-10,0,,
13.9,49.6,71.8,82.5,146.4,310.49999999999994,486.0,1011.6,1211.6,13.9,1.5645474054347546,1.9588385862398838,10.0604,76.635,2011-07-27,0,,
4.8,12.6,21.0,76.79999999999998,197.2,233.60000000000005,426.1,976.9999999999999,1318.6,4.8,0.3929246971013752,1.4569398292520837,10.0604,76.635,2011-09-08,0,,
70.3,122.0,133.2,160.89999999999998,218.3,525.4999999999999,661.4000000000001,764.9000000000001,814.9,70.3,4.569568954930615,3.9365712882230124,12.89163444,74.88548779,2010-06-25,1,downpour,medium
21.9,51.599999999999994,159.8,214.20000000000002,262.5,390.5999999999999,867.4,1515.4,1528.2000000000003,21.9,2.1163893091275843,3.2041149773071096,12.89163444,74.88548779,2006-07-17,0,,
0.1,1.0,3.4000000000000004,4.599999999999999,5.6,15.399999999999999,57.70000000000001,249.9,256.40000000000003,0.1,0.033008658008658015,0.10166666666666667,12.89163444,74.88548779,2008-05-12,0,,
6.4,13.9,23.9,52.699999999999996,129.3,326.9,533.0,1345.9,2479.9,6.4,0.4583986592420393,2.1561226144780234,12.89163444,74.88548779,2007-09-13,0,,
3.9,24.599999999999998,32.2,40.5,93.30000000000001,132.10000000000002,298.29999999999995,603.4999999999999,1078.6000000000001,3.9,1.0745435016111706,1.1540422484783388,12.89163444,74.88548779,2006-10-16,0,,
1.3,53.5,56.099999999999994,105.1,146.20000000000002,286.40000000000003,464.29999999999995,573.6,758.1999999999999,1.3,4.29718875502008,4.600803212851406,8.3295,77.1963,2010-12-09,1,downpour,medium
1.9,2.7,7.199999999999999,12.299999999999999,20.700000000000003,42.7,195.89999999999998,305.59999999999997,389.20000000000005,1.9,0.21967322440813608,0.6948182727575859,8.3295,77.1963,2007-07-15,0,,
4.9,8.4,12.7,24.799999999999997,48.4,53.599999999999994,219.5,296.90000000000003,451.70000000000005,4.9,0.6777777777777778,0.8649735449735448,8.3295,77.1963,2007-07-08,0,,
0.4,7.5,24.7,36.4,44.8,75.60000000000001,174.7,405.9,509.4999999999999,0.4,0.614547652629458,1.2389280677009873,8.3295,77.1963,2010-07-21,0,,
0.1,0.4,0.7000000000000001,1.5,3.4000000000000004,4.0,140.89999999999998,224.5,321.7,0.1,0.031758427697514004,0.063516855395028,8.3295,77.1963,2010-10-24,0,,
44.5,76.9,92.2,104.4,116.0,243.5,560.4000000000001,633.5999999999999,721.0999999999999,44.5,3.161090333232253,2.0018868560261467,12.9141,74.856,2011-06-27,1,downpour,large
11.2,24.0,35.2,50.89999999999999,55.599999999999994,99.8,408.9,639.7,1419.4000000000003,11.2,1.1750541777028656,0.9772533911228832,12.9141,74.856,2009-09-19,0,,
5.7,17.2,23.099999999999998,27.1,30.599999999999998,34.6,111.1,521.0,1149.3,5.7,0.8903598099117448,0.35821452817379507,12.9141,74.856,2008-10-09,0,,
0.2,0.30000000000000004,0.30000000000000004,4.7,4.7,6.5,19.500000000000004,382.90000000000003,785.0000000000001,0.2,0.015181052718901659,0.06578456178190718,12.9141,74.856,2009-11-04,0,,
20.3,189.20000000000002,200.20000000000002,207.90000000000003,226.20000000000002,278.09999999999997,395.40000000000003,754.1999999999999,1297.0,20.3,8.458499761808788,2.4865843380116526,12.9141,74.856,2009-10-03,0,,
68.5,142.5,187.5,206.2,252.39999999999998,290.9,425.40000000000003,806.5000000000001,1170.5,68.5,5.7035530330369735,2.3286506348216918,10.3018,77.1711,2009-11-08,1,downpour,medium
7.6,29.799999999999997,36.6,45.800000000000004,104.2,199.20000000000002,440.70000000000005,659.4,913.1,7.6,1.27092218415717,1.6991120743899886,10.3018,77.1711,2005-11-02,0,,
7.3,40.3,52.89999999999999,75.9,113.7,162.9,272.8,335.59999999999997,449.59999999999997,7.3,1.7529235596120933,1.4171277809469482,10.3018,77.1711,2006-05-10,0,,
2.7,6.7,15.8,18.9,71.10000000000001,103.3,261.7,666.2,967.3000000000001,2.7,0.3066591633839805,0.945608703807916,10.3018,77.1711,2009-08-09,0,,
26.1,49.3,80.80000000000001,92.4,111.60000000000002,185.59999999999997,283.20000000000005,605.0000000000001,610.3000000000001,26.1,2.2296115065243174,1.6787663107947801,10.3018,77.1711,2007-06-06,0,,
36.2,62.300000000000004,152.6,192.3,248.3,331.8,909.9999999999999,1777.2999999999997,1923.9,36.2,2.302095953477102,2.452120184153138,11.855,75.361,2007-07-20,1,downpour,medium
0.0,0.0,0.0,4.5,12.000000000000002,12.6,52.99999999999999,130.3,134.70000000000002,0.0,0.0,0.13660357238069848,11.855,75.361,2005-05-19,0,,
7.8,17.9,25.3,39.0,66.0,78.3,381.8,934.5999999999999,1560.2,7.8,0.8376999501323411,0.7328704591660593,11.855,75.361,2006-08-04,0,,
2.3,3.0999999999999996,5.5,6.5,42.49999999999999,100.49999999999999,283.2,509.49999999999994,1559.1000000000001,2.3,0.1389368502259285,0.9008486095294073,11.855,75.361,2003-09-14,0,,
0.4,12.3,57.9,78.60000000000002,131.8,136.6,160.6,461.59999999999997,910.8999999999999,0.4,0.5371371299710063,1.1930558041307227,11.855,75.361,2003-10-10,0,,
35.3,52.4,61.0,107.9,155.7,178.0,235.60000000000002,495.19999999999993,820.0999999999999,35.3,2.5703831771943233,1.746290860841945,9.7268,76.8081,2012-08-17,1,downpour,medium
14.2,33.3,47.400000000000006,50.599999999999994,61.3,79.70000000000002,181.89999999999998,801.3000000000001,1199.8,14.2,1.4064252579104062,0.6732257841168734,9.7268,76.8081,2009-08-18,0,,
28.3,73.6,76.0,89.3,108.99999999999999,362.1,533.4,838.6,1050.3999999999999,28.3,2.4431867653461037,2.4040161079669136,9.7268,76.8081,2010-06-24,0,,
26.9,58.3,84.69999999999999,130.7,176.20000000000002,208.20000000000002,577.8,864.4999999999999,1115.0,26.9,1.9327717391304347,1.3804565217391305,9.7268,76.8081,2010-06-30,0,,
17.7,22.299999999999997,27.2,48.099999999999994,57.599999999999994,76.39999999999999,252.89999999999998,534.7,899.3000000000001,17.7,0.7823661356185655,0.5360786794731697,9.7268,76.8081,2010-10-27,0,,
2.1,21.8,54.8,100.5,130.8,138.5,188.3,380.20000000000005,606.8,2.1,1.3818257390762199,1.755806099651894,11.3432,76.8285,2015-11-07,1,unknown,small
1.4,4.1,5.2,8.8,28.8,50.9,153.89999999999998,356.40000000000003,880.9999999999999,1.4,0.2813906390639064,0.6986723672367237,11.3432,76.8285,2013-08-25,0,,
0.2,10.5,32.9,80.80000000000003,109.00000000000001,172.39999999999998,263.99999999999994,401.79999999999995,684.6,0.2,0.8142639206712432,2.6738876175947106,11.3432,76.8285,2012-10-25,0,,
25.7,38.4,47.599999999999994,52.099999999999994,103.7,185.69999999999996,233.89999999999995,407.9,732.8,25.7,2.21482602118003,2.14215204236006,11.3432,76.8285,2015-08-01,0,,
1.7,4.6,7.1000000000000005,7.1000000000000005,14.6,60.00000000000001,145.29999999999998,344.09999999999997,510.0,1.7,0.3376654632972322,0.8808664259927798,11.3432,76.8285,2013-11-02,0,,
103.9,186.8,229.3,246.9,252.20000000000002,402.6,674.1999999999999,1616.8999999999999,1871.1999999999998,103.9,6.702429268866538,2.889077113110994,9.8539,76.9468,2013-08-05,1,monsoon,medium
0.3,2.0,18.800000000000004,21.3,21.600000000000005,27.7,92.69999999999999,575.3000000000001,781.3,0.3,0.10075566750629723,0.27909319899244334,9.8539,76.9468,2012-11-27,0,,
1.2,43.8,129.1,156.4,178.8,210.60000000000002,321.90000000000003,942.9,1492.1,1.2,1.434446472672608,1.3794266079673576,9.8539,76.9468,2010-08-19,0,,
3.1,11.299999999999999,11.999999999999998,23.4,53.99999999999999,252.39999999999995,649.2000000000002,1100.1,1335.5,3.1,0.4880172749477858,2.1800984105632053,9.8539,76.9468,2009-07-28,0,,
8.8,50.900000000000006,165.4,198.1,344.7,408.8,443.00000000000006,736.1999999999999,996.3999999999999,8.8,2.386457092348488,3.8333346143499485,9.8539,76.9468,2012-10-23,0,,
23.7,54.0,76.6,142.60000000000002,229.0,324.99999999999994,602.0,849.3000000000002,1010.0,23.7,2.7664399092970515,3.3299739648945983,11.4991,76.4949,2013-06-25,1,downpour,small
12.9,37.5,47.699999999999996,56.800000000000004,73.7,152.6,266.8,483.2,592.0999999999999,12.9,1.9693512978347902,1.6027893762644745,11.4991,76.4949,2009-05-31,0,,
7.4,18.6,56.1,123.29999999999998,193.0,236.0,367.1,734.7,935.0999999999999,7.4,0.8454860464249787,2.1455344834010215,11.4991,76.4949,2011-07-23,0,,
9.3,22.6,47.7,112.89999999999999,143.4,200.7,430.99999999999994,919.3000000000001,1151.4,9.3,0.9458662092624358,1.6799588336192108,11.4991,76.4949,2010-08-04,0,,
4.9,28.700000000000003,66.60000000000001,104.60000000000001,119.5,177.8,432.2999999999999,659.5999999999999,1025.9,4.9,1.2911719153329893,1.5997934950955084,11.4991,76.4949,2011-08-09,0,,
27.6,126.19999999999999,202.99999999999997,267.1,290.5,321.50000000000006,780.5999999999998,1295.1999999999998,1422.3,27.6,5.779863353104588,2.944890757564383,12.8277,75.0772,2010-07-21,1,downpour,medium
13.5,48.0,65.5,86.5,92.1,150.29999999999998,488.8,987.8,1710.2,13.5,1.978445217743843,1.2390013176120815,12.8277,75.0772,2007-09-19,0,,
19.3,20.3,22.8,22.8,26.2,69.3,136.9,327.7,559.8999999999999,19.3,1.1106327638010671,0.7582940939055561,12.8277,75.0772,2006-11-18,0,,
27.3,51.0,116.3,149.4,260.3,373.8,610.9999999999999,1443.0,1672.9,27.3,2.292726066769843,3.3608666814061463,12.8277,75.0772,2007-07-30,0,,
4.6,9.8,32.2,86.99999999999999,184.9,222.1,238.60000000000002,352.1,366.29999999999995,4.6,0.5654024401778114,2.5627731012957535,12.8277,75.0772,2007-06-05,0,,
117.3,205.5,255.2,272.2,282.0,429.7,675.5999999999999,1602.5999999999997,1835.1,117.3,7.202654562169616,3.0121466329579407,10.0539,76.8294,2013-08-05,1,monsoon,small
14.5,24.5,35.6,46.6,62.0,90.0,170.2,474.7,584.1,14.5,1.0249639942390782,0.7530347712776903,10.0539,76.8294,2012-06-04,0,,
10.5,11.6,26.4,26.700000000000003,54.400000000000006,78.3,184.7,456.9,550.8,10.5,0.4582604753578135,0.6186516417330483,10.0539,76.8294,2012-05-30,0,,
0.6,4.699999999999999,11.799999999999999,29.300000000000004,59.099999999999994,88.79999999999998,252.40000000000003,648.6999999999999,836.5,0.6,0.2093235498119958,0.7909757967363925,10.0539,76.8294,2012-07-30,0,,
1.0,8.899999999999999,21.3,65.8,116.3,187.10000000000002,312.6,774.3,1105.5,1.0,0.273439270694301,1.149673877458511,10.0539,76.8294,2010-10-11,0,,
84.4,178.0,230.4,269.1,294.5,325.1,432.0,787.7,1046.5,84.4,5.275996112730806,1.927220602526725,9.5207,77.0198,2011-06-02,1,downpour,medium
2.6,12.299999999999999,39.6,101.39999999999999,164.20000000000002,284.79999999999995,563.3000000000001,926.5000000000001,1377.8,2.6,0.4161628487436907,1.9272061678407009,9.5207,77.0198,2007-09-29,0,,
18.6,51.6,51.900000000000006,55.800000000000004,78.7,274.3,436.5,915.0,1228.6999999999998,18.6,1.8148585925562892,1.9295182633263186,9.5207,77.0198,2009-10-13,0,,
17.0,54.1,73.4,119.69999999999999,149.2,189.79999999999998,280.79999999999995,561.3,873.7,17.0,2.156857619032057,1.5133884513577984,9.5207,77.0198,2007-06-17,0,,
0.0,2.0,10.1,17.700000000000003,33.1,86.7,336.7,776.8000000000001,1267.1999999999998,0.0,0.06988400400973793,0.6058943147644278,9.5207,77.0198,2007-11-17,0,,
13.7,124.89999999999999,176.6,187.79999999999998,238.2,472.79999999999995,712.4000000000001,806.6999999999999,868.6999999999999,13.7,4.65759872845091,3.5262012470962216,12.89307458,74.88567317,2010-06-27,1,downpour,medium
62.3,192.10000000000002,238.60000000000002,258.8,297.40000000000003,460.50000000000006,790.0,1227.8,1640.8000000000002,62.3,7.650638200633304,3.668005092547253,12.89307458,74.88567317,2008-08-11,0,,
36.7,117.3,209.2,298.1,368.7,427.29999999999995,597.4,1182.5,1303.2,36.7,4.596158787255909,3.348573997944501,12.89307458,74.88567317,2008-07-30,0,,
0.0,0.0,0.0,0.6,14.5,50.1,237.50000000000003,572.3,1140.6,0.0,0.0,0.3330173259235044,12.89307458,74.88567317,2007-11-15,0,,
0.9,2.3,7.800000000000001,32.8,100.00000000000001,275.4,728.1,1796.9,2279.4,0.9,0.08443160618643557,2.0219534211951613,12.89307458,74.88567317,2007-08-17,0,,
31.8,50.599999999999994,58.599999999999994,114.49999999999999,168.9,188.49999999999997,263.9,557.0999999999999,906.0,31.8,2.2610797743755033,1.6846384880228553,10.007,76.7105,2012-08-17,1,downpour,medium
0.0,2.1,42.1,58.7,127.19999999999999,281.9,466.0,639.4000000000001,1082.8000000000002,0.0,0.06411411411411413,1.7213113113113114,10.007,76.7105,2011-11-10,0,,
12.3,18.1,36.400000000000006,45.8,74.9,96.5,207.10000000000005,352.6,386.4,12.3,0.540087071369173,0.5758939490290076,10.007,76.7105,2010-05-16,0,,
0.6,0.6,1.2000000000000002,1.2000000000000002,1.4,2.6,190.90000000000003,621.5,1131.8999999999996,0.6,0.019368153675186538,0.016785733185161664,10.007,76.7105,2011-10-10,0,,
0.0,15.4,31.1,49.3,59.5,106.1,278.6,461.3,525.0999999999999,0.0,0.5888732173640496,0.8114214073029306,10.007,76.7105,2012-05-24,0,,
2.0,40.9,78.10000000000001,99.0,103.10000000000001,179.4,336.6,638.2,736.3000000000001,2.0,1.5945419103313838,1.3988304093567252,9.9983,76.7329,2014-06-22,1,rain,medium
14.2,60.400000000000006,98.6,137.9,153.79999999999998,194.7,418.2,894.0999999999999,1454.9,14.2,1.8867267513314216,1.216376485047112,9.9983,76.7329,2011-08-23,0,,
33.7,58.6,112.60000000000001,118.7,163.0,221.89999999999998,366.99999999999994,876.8000000000002,1132.1,33.7,1.8780571098326637,1.422323797514908,9.9983,76.7329,2011-07-15,0,,
2.6,23.3,39.400000000000006,87.2,87.2,103.3,597.7000000000002,685.3000000000001,1014.6,2.6,1.071143266259703,0.9497776772929383,9.9983,76.7329,2012-11-13,0,,
3.3,21.099999999999998,55.6,73.79999999999998,91.19999999999999,117.6,218.7,495.40000000000003,627.4999999999999,3.3,0.8774884101445322,0.9781292609762747,9.9983,76.7329,2012-06-09,0,,
27.9,104.5,121.6,171.8,175.0,292.5,584.6,788.0999999999999,1903.5,27.9,3.462238274991174,1.9381908046601306,11.2695,76.2227,2009-09-19,1,downpour,medium
0.7,27.8,61.8,109.39999999999999,218.20000000000002,309.70000000000005,347.0,941.0,1685.5,0.7,0.9636048526863087,2.146967071057193,11.2695,76.2227,2006-08-22,0,,
1.7,9.6,14.2,23.299999999999997,60.1,70.7,533.8000000000001,1325.1,1876.5,1.7,0.3287117597530171,0.48416502946954815,11.2695,76.2227,2009-08-07,0,,
8.1,24.6,27.1,29.800000000000004,85.3,117.6,252.0,387.1,451.9,8.1,1.0306672619252035,0.9854184553040969,11.2695,76.2227,2009-05-17,0,,
11.0,14.7,17.7,22.0,27.5,56.300000000000004,185.6,253.89999999999998,297.5,11.0,0.557043019102345,0.4266873738158099,11.2695,76.2227,2006-05-03,0,,
10.0,28.1,41.8,43.8,44.400000000000006,45.0,67.8,595.1999999999999,958.1999999999999,10.0,0.9012092534174554,0.2886435331230284,9.9903,76.7898,2011-10-17,1,downpour,medium
0.0,21.2,21.2,28.400000000000002,61.699999999999996,140.10000000000002,265.79999999999995,640.1999999999999,741.4,0.0,0.6491804924575187,0.8580206320122489,9.9903,76.7898,2008-05-06,0,,
22.6,58.300000000000004,65.5,68.1,72.80000000000001,115.5,375.50000000000006,892.6999999999999,1138.0,22.6,2.041269659051774,0.8088049592469292,9.9903,76.7898,2009-10-30,0,,
3.1,16.700000000000003,28.2,50.6,80.39999999999999,150.6,542.4000000000001,926.8000000000001,1281.8,3.1,0.548381019029419,0.9890560654590478,9.9903,76.7898,2007-11-13,0,,
30.0,53.3,57.1,58.5,77.30000000000001,128.4,218.9,564.8000000000001,809.1,30.0,2.0163100775193796,0.9714604651162793,9.9903,76.7898,2008-11-20,0,,
0.5,27.5,52.8,94.8,110.4,115.7,153.3,308.90000000000003,478.8,0.5,2.43327531186539,2.0474905715114593,11.3237,76.9101,2015-11-07,1,unknown,small
8.0,35.5,86.5,97.80000000000001,145.1,264.7,548.1999999999999,592.6,604.3000000000001,8.0,2.42918840091985,3.622569970273151,11.3237,76.9101,2013-06-29,0,,
22.0,44.0,49.0,70.8,97.2,140.7,264.9,401.4,562.3,22.0,3.4206334034282797,2.1876505448289043,11.3237,76.9101,2015-08-23,0,,
4.3,9.6,10.7,17.2,23.7,33.4,79.69999999999999,284.50000000000006,477.59999999999997,4.3,0.8139551045937868,0.5663770936131767,11.3237,76.9101,2015-09-26,0,,
0.2,1.2,3.5,6.7,12.4,46.2,47.800000000000004,49.800000000000004,51.5,0.2,0.07514243186367603,0.5785967253503054,11.3237,76.9101,2012-05-08,0,,
10.8,88.1,104.89999999999999,133.29999999999998,160.90000000000003,225.10000000000002,475.4,811.4999999999999,1119.2,10.8,4.677401105357066,2.390199747595631,9.9431,76.3738,2014-08-02,1,continuous_rain,small
3.6,4.800000000000001,11.3,22.3,52.900000000000006,105.7,214.20000000000002,568.7999999999998,994.6000000000001,3.6,0.18919617472215045,0.8332514861721374,9.9431,76.3738,2010-11-04,0,,
13.2,61.7,101.3,200.6,334.8,454.69999999999993,861.8000000000002,1028.8,1057.1000000000001,13.2,3.0171149144254277,4.446943765281173,9.9431,76.3738,2013-06-28,0,,
2.5,11.2,12.0,26.0,26.3,29.1,99.19999999999999,352.40000000000003,727.4000000000001,2.5,0.5098507462686567,0.2649402985074627,9.9431,76.3738,2013-11-18,0,,
5.3,11.7,23.1,30.099999999999998,37.599999999999994,62.699999999999996,296.1,415.0,442.3,5.3,0.4317996188401851,0.46280061711589066,9.9431,76.3738,2011-05-18,0,,
12.1,27.5,53.1,70.5,100.39999999999999,218.39999999999998,279.50000000000006,667.6,1072.5999999999997,12.1,1.3107516799499919,2.0819503047351144,10.9654,76.5516,2014-10-09,1,flooding,medium
2.5,17.0,19.0,20.2,20.2,20.8,96.50000000000001,567.5999999999999,651.4,2.5,0.8722348389267389,0.21344099587854318,10.9654,76.5516,2012-10-01,0,,
2.9,5.0,9.9,16.7,22.3,58.199999999999996,182.1,476.19999999999993,778.9,2.9,0.23472371863937205,0.546436816992458,10.9654,76.5516,2012-07-21,0,,
20.3,91.6,115.7,153.9,200.8,224.3,300.3,637.3999999999999,1005.2,20.3,3.542172493581412,1.7347364417255693,10.9654,76.5516,2010-10-02,0,,
8.1,22.5,23.299999999999997,27.4,43.4,46.1,249.5,433.6,762.8000000000001,8.1,1.0536619069553201,0.4317672347612468,10.9654,76.5516,2013-10-08,0,,
24.7,35.5,40.2,65.4,94.60000000000001,106.89999999999999,135.89999999999998,256.40000000000003,413.2,24.7,3.3775247601965215,2.0341261795211723,9.8232,77.1498,2012-08-17,1,downpour,medium
11.7,26.099999999999998,48.7,208.89999999999998,297.2,309.50000000000006,342.70000000000005,589.7,812.1,11.7,1.787671232876712,4.2397260273972615,9.8232,77.1498,2009-11-14,0,,
25.9,68.80000000000001,75.1,76.69999999999999,77.6,80.69999999999999,88.9,225.4,382.2,25.9,5.9885844748858466,1.4048801369863013,9.8232,77.1498,2008-11-24,0,,
7.3,17.1,19.1,20.6,45.9,86.1,272.30000000000007,344.50000000000006,503.90000000000003,7.3,1.173869007427414,1.1821066846725186,9.8232,77.1498,2011-06-26,0,,
3.8,8.899999999999999,12.899999999999999,65.8,69.6,85.89999999999999,172.0,402.3,570.0,3.8,0.6359004392386529,1.227502196193265,9.8232,77.1498,2011-07-11,0,,
117.3,205.5,255.2,272.2,282.0,429.7,675.5999999999999,1602.5999999999997,1835.1,117.3,7.202654562169616,3.0121466329579407,10.0486,76.7606,2013-08-05,1,unknown,medium
23.0,70.2,76.6,86.80000000000001,119.9,244.8,530.3000000000001,1151.7999999999997,1387.7999999999997,23.0,2.0883686905632777,1.4565032918800296,10.0486,76.7606,2010-07-17,0,,
30.2,121.4,224.6,267.09999999999997,337.9,378.8,653.4000000000001,929.4000000000001,1093.3,30.2,4.471589879838175,2.7905078195761126,10.0486,76.7606,2009-07-04,0,,
2.4,41.9,234.50000000000003,314.9,372.79999999999995,430.1,625.6,848.3,996.8,2.4,1.1890672249360315,2.4411351477087693,10.0486,76.7606,2010-06-16,0,,
1.5,13.100000000000001,18.7,30.2,41.300000000000004,117.2,379.9,1013.3,1443.9,1.5,0.49750965010584,0.8902004731664801,10.0486,76.7606,2009-08-12,0,,
19.4,61.1,65.4,80.4,109.9,156.0,182.9,544.4,781.1999999999999,19.4,4.789078059749438,2.4454866688082237,11.338,76.8806,2012-10-21,1,rain,medium
18.3,51.599999999999994,82.7,105.60000000000001,140.8,281.2,532.1,924.5,1207.6999999999998,18.3,3.025811103100216,3.2978995433789953,11.338,76.8806,2011-09-14,0,,
0.4,6.0,12.6,13.5,28.0,41.3,60.199999999999996,78.5,90.4,0.4,0.5860688550840673,0.8068214571657325,11.338,76.8806,2009-06-02,0,,
3.8,46.4,64.2,68.89999999999999,114.1,186.80000000000004,380.9000000000001,605.9999999999999,760.0,3.8,3.095870932458299,2.4927098714793554,11.338,76.8806,2011-08-06,0,,
0.1,0.1,0.1,1.1,1.1,1.1,140.5,208.4,399.70000000000005,0.1,0.008248816768086545,0.018147396889790397,11.338,76.8806,2008-11-16,0,,
5.7,7.4,11.8,13.4,14.8,16.3,37.1,59.9,143.20000000000002,5.7,0.543135603417158,0.23927325231620747,11.3403,76.8267,2014-05-04,1,rain,small
0.2,0.4,0.4,1.9000000000000001,38.3,64.1,211.7,268.50000000000006,339.2,0.2,0.02278244631185808,0.7301774042950513,11.3403,76.8267,2011-05-12,0,,
5.6,10.0,10.1,10.3,19.700000000000003,51.800000000000004,290.50000000000006,407.50000000000006,590.6,5.6,0.5683935892657471,0.5888557584793142,11.3403,76.8267,2011-06-25,0,,
3.9,18.4,21.299999999999997,25.799999999999997,38.6,47.099999999999994,107.3,145.00000000000003,232.60000000000002,3.9,1.4967328977196956,0.7662621682891051,11.3403,76.8267,2013-05-11,0,,
3.2,13.0,26.099999999999998,66.00000000000001,80.60000000000001,105.00000000000001,156.79999999999998,448.59999999999997,660.1,3.2,0.7821284150310681,1.263438208896341,11.3403,76.8267,2011-07-10,0,,
47.8,62.199999999999996,62.9,76.7,116.89999999999999,216.00000000000006,390.0,802.6999999999999,1340.3999999999999,47.8,2.506821710548049,1.7410723134353014,9.8988,76.3902,2010-09-24,1,downpour,medium
13.7,37.8,45.6,50.3,105.1,261.1,495.30000000000007,1109.6,1292.0,13.7,1.5562904967602593,2.1499865010799137,9.8988,76.3902,2010-07-14,0,,
2.1,3.1,76.29999999999998,182.20000000000002,214.1,234.99999999999997,517.4,932.4,1303.0,2.1,0.12823381819414778,1.9441901468144982,9.8988,76.3902,2008-08-18,0,,
10.6,17.0,19.4,67.39999999999999,199.2,245.6,501.70000000000005,886.7,1275.6000000000001,10.6,0.7132294783176862,2.060813645586162,9.8988,76.3902,2008-08-21,0,,
0.5,20.2,43.6,63.6,80.69999999999999,103.1,158.4,323.70000000000005,350.7,0.5,0.7655080296958966,0.7814245332836329,9.8988,76.3902,2008-05-14,0,,
1.2,2.3,18.099999999999998,24.400000000000002,30.599999999999998,33.3,164.89999999999995,369.6,453.8,1.2,0.1569175707415278,0.4543787048428587,11.41,76.69,2008-06-25,1,downpour,medium
3.8,11.0,22.5,29.400000000000002,53.699999999999996,108.89999999999999,150.6,404.9000000000001,458.3,3.8,0.8406941051180855,1.664574328133809,11.41,76.69,2004-06-06,0,,
4.0,5.9,6.1,12.2,32.3,92.89999999999999,216.99999999999994,367.3999999999999,513.5999999999999,4.0,0.5399039903990398,1.7002400240023996,11.41,76.69,2005-07-01,0,,
0.8,2.5,3.4000000000000004,3.4000000000000004,4.1,27.099999999999998,116.60000000000001,255.79999999999998,399.40000000000003,0.8,0.23656247576204142,0.5128674474521058,11.41,76.69,2004-11-26,0,,
5.0,20.0,82.4,89.9,102.8,133.29999999999998,228.79999999999998,477.90000000000003,544.2,5.0,1.4860831962969727,1.9809489006638643,11.41,76.69,2004-06-12,0,,
74.0,144.7,193.7,251.0,386.2,496.7,790.8,814.6999999999999,821.7,74.0,5.613520732638005,3.8538158229458146,12.8446,75.2476,2013-06-18,1,rain,medium
0.8,1.4000000000000001,1.4000000000000001,2.7,16.299999999999997,16.5,60.00000000000001,441.2,909.5999999999999,0.8,0.05812093782965257,0.13699935345560962,12.8446,75.2476,2009-11-05,0,,
58.2,144.3,205.5,222.5,235.0,340.8999999999999,781.7000000000002,1303.3000000000002,1446.5000000000002,58.2,5.77920031514674,2.7306020615849245,12.8446,75.2476,2010-07-19,0,,
1.3,5.8,6.8,13.4,35.599999999999994,44.599999999999994,82.69999999999999,199.70000000000005,205.70000000000002,1.3,0.20088005677785667,0.3089396735273244,12.8446,75.2476,2011-05-24,0,,
8.1,36.6,112.39999999999999,152.2,155.8,160.4,202.99999999999997,275.20000000000005,293.7,8.1,1.3087519784278094,1.1471246849170527,12.8446,75.2476,2012-06-09,0,,
83.9,177.60000000000002,223.4,265.9,287.6,312.6,397.80000000000007,690.9,824.9,83.9,5.874735643403287,2.068065723116968,9.8306,76.9408,2011-06-02,1,downpour,medium
7.6,32.4,72.1,146.5,183.0,208.8,315.9,976.6,1410.6999999999998,7.6,1.4004109686105009,1.8049741373202015,9.8306,76.9408,2009-08-25,0,,
7.0,14.8,19.1,30.700000000000003,71.3,137.89999999999998,325.00000000000006,690.9,1066.3,7.0,0.5188803954250245,0.9669406287717685,9.8306,76.9408,2010-10-15,0,,
45.0,106.3,152.39999999999998,157.89999999999998,199.7,275.6,599.2,1153.5,1412.5,45.0,3.611518003843048,1.8726892979475902,9.8306,76.9408,2010-07-19,0,,
7.8,33.699999999999996,57.8,73.7,84.89999999999999,85.69999999999999,211.1,409.2,432.5,7.8,1.5001824418010654,0.7630008027439246,9.8306,76.9408,2007-05-30,0,,
9.2,56.900000000000006,108.80000000000001,154.2,203.6,232.5,432.99999999999994,988.1000000000001,1875.6000000000004,9.2,1.9232559428159808,1.5717293733030422,12.7796,75.5844,2010-10-03,1,unknown,medium
29.8,84.2,197.50000000000003,317.2,516.1,682.4,865.2,1193.3,1306.9,29.8,3.102225711956029,5.028405762087396,12.7796,75.5844,2009-07-11,0,,
1.3,5.2,19.800000000000004,37.199999999999996,62.5,106.6,520.9999999999999,1584.6,1968.9999999999998,1.3,0.20760520976503696,0.8511813600366516,12.7796,75.5844,2009-08-15,0,,
9.9,25.4,33.3,39.8,40.6,50.4,105.2,198.4,375.69999999999993,9.9,0.7582646144811217,0.30091761078620893,12.7796,75.5844,2008-05-23,0,,
16.1,21.6,31.8,32.4,59.00000000000001,95.4,172.99999999999997,231.79999999999998,240.49999999999997,16.1,0.7607390300230947,0.671986143187067,12.7796,75.5844,2010-05-19,0,,
29.0,117.6,140.1,171.0,215.7,230.89999999999998,473.6,754.3999999999999,1074.3999999999999,29.0,4.642956538623346,1.8232290217145077,10.2288,77.4767,2015-12-07,1,rain,medium
0.1,19.8,60.9,87.8,118.1,145.9,250.79999999999995,505.0,604.7,0.1,1.0460765633119693,1.5416421271435994,10.2288,77.4767,2013-06-04,0,,
12.2,53.3,84.10000000000001,92.8,109.5,119.2,271.99999999999994,535.5,783.5,12.2,2.0972069921950585,0.9380377991356511,10.2288,77.4767,2015-09-28,0,,
9.3,17.200000000000003,27.9,46.7,89.1,130.8,149.20000000000002,193.9,200.60000000000002,9.3,0.8359160259729913,1.2713699557821774,10.2288,77.4767,2012-05-10,0,,
16.7,24.5,40.0,55.099999999999994,91.69999999999999,109.3,154.2,574.8000000000001,902.6,16.7,1.1587966193688453,1.0339303714042023,10.2288,77.4767,2013-10-16,0,,
3.9,39.8,121.80000000000001,167.3,298.59999999999997,374.4,467.49999999999994,993.2,1189.8000000000002,3.9,1.7547613024466044,3.301420259477431,11.8348,75.4856,2015-07-27,1,mining,small
24.1,99.1,124.1,140.1,217.99999999999997,359.20000000000005,941.8,1345.7,1359.6,24.1,4.0028473049927165,2.9017613561117734,11.8348,75.4856,2013-07-04,0,,
0.0,0.1,1.8000000000000003,20.2,53.199999999999996,130.60000000000002,529.0999999999999,967.4,1486.8000000000002,0.0,0.004289129517648714,1.120320630009844,11.8348,75.4856,2012-09-21,0,,
28.7,85.3,135.9,181.89999999999998,233.3,329.0,621.8,1682.8999999999999,1714.3999999999999,28.7,3.2971928268170583,2.5434383118940502,11.8348,75.4856,2013-07-22,0,,
69.7,181.7,263.4,291.9,309.8,331.3,473.9,1168.2,1471.1000000000001,69.7,6.927961996437166,2.526399349939057,11.8348,75.4856,2012-08-12,0,,
13.5,172.70000000000002,347.29999999999995,445.49999999999994,544.4,618.0,824.6,965.6,1139.9,13.5,6.784325090159713,4.85548686244204,11.7095,76.074,2007-06-25,1,monsoon,large
1.3,3.3,4.4,14.3,32.4,38.3,121.8,232.9,263.6,1.3,0.16938741164591042,0.3931841130932346,11.7095,76.074,2005-05-19,0,,
55.2,173.60000000000002,297.4,356.59999999999997,438.4,488.5,537.3000000000001,710.6000000000001,873.1000000000001,55.2,8.876073928167301,4.995348057499684,11.7095,76.074,2003-06-22,0,,
13.7,32.9,55.900000000000006,77.2,78.00000000000001,84.60000000000001,237.39999999999998,482.2,1062.8,13.7,1.6120326117514756,0.8290453431864733,11.7095,76.074,2005-10-10,0,,
8.6,23.4,28.700000000000003,64.19999999999999,154.1,321.7,597.4999999999999,1209.0,1437.1000000000001,8.6,1.1658431004206313,3.205570302609548,11.7095,76.074,2005-08-10,0,,
68.8,93.6,124.7,132.2,161.6,298.9,506.1000000000001,1341.4999999999998,1534.3999999999999,68.8,4.129461541243265,2.6373847322171193,9.9147,77.011,2013-08-04,1,continuous_rain,very_large
2.7,7.2,29.5,36.7,36.800000000000004,67.50000000000001,391.2,468.79999999999995,755.8000000000001,2.7,0.42924159499609066,0.8048279906176702,9.9147,77.011,2012-11-12,0,,
0.0,1.9,18.4,42.7,83.3,140.89999999999998,425.4,734.1,1140.9,0.0,0.07704324126699238,1.14267291521255,9.9147,77.011,2009-11-28,0,,
0.0,12.399999999999999,22.9,52.0,59.3,96.70000000000002,233.5,395.9,430.29999999999995,0.0,0.5635313838703668,0.8789271745203949,9.9147,77.011,2012-05-24,0,,
1.8,20.8,31.8,34.699999999999996,49.699999999999996,186.39999999999998,295.9,472.00000000000006,704.6999999999999,1.8,1.0185029098936385,1.8254706000401362,9.9147,77.011,2012-06-30,0,,
15.5,42.8,72.2,102.7,163.7,348.70000000000005,858.5999999999999,1234.8,1356.9,15.5,2.071405902887972,3.3752300856870834,12.8962,74.8859,2016-07-16,1,construction,small
19.5,55.8,164.60000000000002,174.20000000000002,211.7,332.79999999999995,339.99999999999994,435.29999999999995,445.3,19.5,1.9975352112676052,2.382723004694835,12.8962,74.8859,2012-06-16,0,,
0.0,0.0,3.4,46.4,72.2,113.60000000000002,259.0,500.70000000000005,1045.6,0.0,0.0,1.0496610747150377,12.8962,74.8859,2014-10-31,0,,
0.5,3.6999999999999997,6.5,7.2,18.599999999999998,94.80000000000001,186.9,317.9,355.2,0.5,0.1648528230224235,0.8447593309473378,12.8962,74.8859,2015-05-28,0,,
1.3,4.1,9.100000000000001,16.5,21.200000000000003,79.6,223.40000000000003,736.4000000000001,1350.5999999999997,1.3,0.2083819363439427,0.8091318113647725,12.8962,74.8859,2015-09-02,0,,
35.3,52.4,61.0,107.9,155.7,178.0,235.60000000000002,495.19999999999993,820.0999999999999,35.3,2.5703831771943233,1.746290860841945,9.6991,76.8168,2012-08-17,1,downpour,medium
13.1,35.2,75.9,89.29999999999998,142.3,180.49999999999997,301.1000000000001,520.2,564.3,13.1,1.2205201080005685,1.2517265880346735,9.6991,76.8168,2010-05-27,0,,
4.5,28.099999999999998,93.50000000000001,155.89999999999998,177.29999999999998,229.2,409.9,806.5,1114.7,4.5,1.0226106669848467,1.6682018852165614,9.6991,76.8168,2011-09-05,0,,
0.0,4.2,24.8,69.2,156.59999999999997,280.6,473.6,727.6,981.9000000000002,0.0,0.16227000665041014,2.1682363745764324,9.6991,76.8168,2008-08-04,0,,
27.4,57.599999999999994,111.30000000000001,120.19999999999999,134.8,186.79999999999998,344.29999999999995,694.9,1224.6,27.4,2.295570364562916,1.4889324447928913,9.6991,76.8168,2009-09-05,0,,
41.7,106.4,117.2,130.2,159.8,196.09999999999997,215.60000000000002,520.0000000000001,847.0,41.7,5.431297071129707,2.00202510460251,10.077,76.322,2012-10-22,1,rain,medium
5.0,19.6,32.199999999999996,33.8,50.0,145.10000000000002,312.69999999999993,536.9000000000001,1236.2,5.0,0.9346831880545673,1.3839033733338544,10.077,76.322,2009-09-16,0,,
10.0,62.800000000000004,81.7,81.7,81.9,82.9,205.90000000000003,382.90000000000003,878.0,10.0,2.458556621634631,0.649090267304175,10.077,76.322,2011-11-28,0,,
8.6,22.2,39.5,97.49999999999999,174.29999999999998,233.6,504.1000000000001,1088.3999999999999,1327.2999999999997,8.6,0.9421177125365242,1.9826909698065953,10.077,76.322,2010-07-25,0,,
17.1,31.900000000000002,50.2,67.1,79.9,109.5,226.30000000000004,923.0999999999999,1308.1999999999998,17.1,1.547250824951298,1.0622192183834929,10.077,76.322,2009-08-20,0,,
0.5,1.3,6.3,6.8999999999999995,7.1,7.3999999999999995,18.499999999999996,35.8,63.0,0.5,0.08479016305800588,0.09653033948142208,11.3464,76.8076,2016-04-13,1,construction,small
13.0,22.5,24.6,49.1,56.5,112.0,372.9,683.8999999999999,787.6,13.0,1.5113974231912786,1.5046801013104285,11.3464,76.8076,2013-07-09,0,,
3.7,32.1,62.2,94.9,104.10000000000001,145.99999999999997,239.1,424.70000000000005,569.5,3.7,2.6753654870884,2.4336658013389796,11.3464,76.8076,2014-08-12,0,,
1.9,4.699999999999999,4.699999999999999,6.6,16.9,62.1,159.70000000000002,412.1,581.6,1.9,0.285216872264226,0.753700756068444,11.3464,76.8076,2015-09-01,0,,
14.5,47.2,54.5,67.9,98.30000000000001,114.5,256.09999999999997,385.40000000000003,542.1999999999999,14.5,3.9546734427580517,1.918686903372021,11.3464,76.8076,2014-08-08,0,,
16.1,31.700000000000003,59.8,91.30000000000001,100.19999999999999,115.6,366.9,729.4,932.7,16.1,1.6424870466321242,1.1979274611398962,12.8747,74.9566,2015-07-14,1,continuous_rain,small
20.9,32.5,43.4,54.4,86.19999999999999,155.20000000000002,399.70000000000005,1039.0000000000002,1172.4,20.9,1.5170065424494015,1.448857940850136,12.8747,74.9566,2012-08-04,0,,
4.9,4.9,4.9,4.9,4.9,4.9,163.1,307.1,879.1000000000001,4.9,0.1922866608768375,0.038457332175367495,12.8747,74.9566,2011-11-26,0,,
0.0,0.0,0.0,0.0,0.0,51.8,212.5,306.7,955.2,0.0,0.0,0.4042732855680655,12.8747,74.9566,2011-11-19,0,,
42.3,97.8,124.3,135.9,192.39999999999998,352.5,692.9,865.2,944.0,42.3,3.93353773118386,2.8355256651171996,12.8747,74.9566,2012-07-11,0,,
22.8,69.9,78.7,79.3,79.3,87.5,182.29999999999998,380.0,491.2,22.8,5.291183222684123,1.3246882174101877,11.404,76.6952,2015-09-06,1,unknown,medium
3.9,11.5,12.200000000000001,19.0,35.6,51.9,94.80000000000001,161.3,205.6,3.9,1.098840852130326,0.9918233082706768,11.404,76.6952,2013-05-26,0,,
9.8,14.8,35.900000000000006,46.8,72.39999999999999,116.19999999999999,154.8,319.00000000000006,538.0999999999999,9.8,1.2257144796687258,1.9247030072635933,11.404,76.6952,2013-09-16,0,,
1.5,4.9,6.6,8.2,10.4,47.3,134.29999999999998,311.09999999999997,468.70000000000005,1.5,0.39723569672403475,0.7669081002059936,11.404,76.6952,2012-07-27,0,,
42.3,61.3,83.5,85.1,94.5,158.2,227.10000000000002,361.40000000000003,538.1999999999999,42.3,5.16549247133582,2.6661693604088965,11.404,76.6952,2012-08-26,0,,
21.5,102.19999999999999,142.8,195.39999999999998,253.3,456.3,779.9999999999998,1504.0,1619.5,21.5,4.472326840991427,3.993586570536964,12.8715,74.8862,2010-07-31,1,downpour,medium
0.9,21.3,54.8,127.89999999999999,203.50000000000003,218.10000000000002,238.60000000000002,347.5,361.7,0.9,1.2271439365319232,2.513052512278051,12.8715,74.8862,2007-06-04,0,,
16.5,25.6,49.4,80.3,201.0,410.40000000000003,532.7,658.1999999999998,697.4,16.5,1.1432336469124051,3.6654928804128994,12.8715,74.8862,2010-06-23,0,,
9.4,31.0,104.8,125.2,186.0,207.5,421.4,541.6,623.9,9.4,1.5545234082781865,2.081055530436927,12.8715,74.8862,2009-06-22,0,,
37.2,91.0,91.2,91.2,91.2,97.0,108.00000000000001,396.9,779.0,37.2,4.4769739495120575,0.9544318090168562,12.8715,74.8862,2009-11-09,0,,
2.6,9.4,33.9,40.5,44.400000000000006,49.6,52.199999999999996,150.9,193.29999999999998,2.6,0.5488131699846861,0.5791730474732006,11.3484,76.7937,2008-02-13,1,rain,medium
0.0,1.5,5.6,14.1,33.8,46.2,292.70000000000005,458.20000000000005,731.9999999999999,0.0,0.092489639138785,0.5697361770949156,11.3484,76.7937,2007-11-14,0,,
7.0,15.0,23.2,32.6,64.0,134.0,199.50000000000003,458.50000000000006,541.1,7.0,0.9649354073292908,1.724017927761666,11.3484,76.7937,2004-06-07,0,,
10.4,15.8,40.699999999999996,95.7,128.8,135.7,229.7,655.0999999999999,830.5999999999999,10.4,1.0598779347885854,1.8205751360862155,11.3484,76.7937,2007-07-23,0,,
25.6,29.900000000000002,36.6,44.2,55.400000000000006,83.9,113.69999999999999,204.9,310.0,25.6,1.8232618583495779,1.0232218723446793,11.3484,76.7937,2006-05-27,0,,
42.2,69.4,78.0,120.10000000000001,178.10000000000002,213.59999999999997,289.8,589.3000000000002,950.8000000000001,42.2,2.889594211801645,1.778724275621992,9.5527,76.9299,2012-08-17,1,downpour,medium
6.9,53.300000000000004,122.4,148.4,185.89999999999998,264.59999999999997,350.79999999999995,599.5,1074.1000000000001,6.9,1.7202645502645504,1.7079999999999997,9.5527,76.9299,2011-11-03,0,,
8.1,22.1,40.699999999999996,83.8,135.4,141.9,439.0,853.7000000000002,1143.0,8.1,0.7809413468501086,1.002855901520637,9.5527,76.9299,2009-10-20,0,,
0.2,6.2,26.8,142.89999999999998,222.39999999999998,264.0,411.4,890.5000000000001,1265.1000000000001,0.2,0.21629968544466685,1.8420360308836146,9.5527,76.9299,2009-10-08,0,,
4.6,13.999999999999998,35.7,52.4,89.19999999999999,217.8,301.7000000000001,825.6,1402.3999999999999,4.6,0.5476816520233437,1.7040723401526325,9.5527,76.9299,2009-08-31,0,,
8.4,26.699999999999996,61.49999999999999,79.2,93.7,126.8,271.59999999999997,520.3000000000001,1130.1000000000001,8.4,0.9685130675229683,0.91990604465852,12.8806,75.0327,2010-11-11,1,downpour,medium
0.0,0.0,2.9,5.1000000000000005,9.7,30.299999999999997,106.60000000000001,141.5,144.10000000000002,0.0,0.0,0.24381492596378987,12.8806,75.0327,2007-05-16,0,,
17.0,62.8,141.3,229.1,360.90000000000003,446.8,575.8000000000001,1220.6,1365.0,17.0,2.5172821658562228,3.5819161519253515,12.8806,75.0327,2008-08-02,0,,
6.6,23.1,26.9,63.9,80.2,90.7,228.60000000000002,654.3,1008.7000000000002,6.6,0.9947758559830568,0.7811789622308507,12.8806,75.0327,2006-11-03,0,,
8.9,21.4,30.0,38.699999999999996,54.8,211.0,607.0999999999999,1495.2000000000003,1845.8000000000002,8.9,0.8563088326937583,1.6886090065269443,12.8806,75.0327,2009-08-10,0,,
6.7,11.9,19.3,24.999999999999996,38.800000000000004,130.99999999999997,456.2,656.4,831.9999999999999,6.7,0.5749019918425534,1.2657506038886466,12.9455,75.7797,2015-07-08,1,rain,small
26.5,58.9,79.4,86.4,105.8,208.1,571.0000000000001,1097.6000000000004,1526.1999999999998,26.5,2.6864812322416625,1.898325108419321,12.9455,75.7797,2011-08-19,0,,
0.8,19.4,45.99999999999999,76.0,138.30000000000004,166.9,273.4,715.1,1442.0,0.8,0.9949136155365924,1.7118668292067765,12.9455,75.7797,2014-10-02,0,,
15.5,23.6,36.2,46.9,103.1,303.9,579.4,1056.3,1473.4,15.5,1.0847713058548718,2.793745761434707,12.9455,75.7797,2011-08-16,0,,
1.7,7.8,12.5,28.799999999999997,75.30000000000001,83.20000000000002,171.0,517.7,1120.4,1.7,0.3790630975143404,0.8086679413639263,12.9455,75.7797,2013-10-14,0,,
1.2,2.4,5.0,9.1,41.00000000000001,50.5,70.50000000000001,243.39999999999998,523.1000000000001,1.2,0.168721908493719,0.7100380315777342,11.344,76.8691,2013-11-24,1,downpour,medium
0.0,0.0,0.0,12.9,28.0,65.0,141.89999999999998,302.9,835.0,0.0,0.0,0.8004845303588554,11.344,76.8691,2011-11-13,0,,
11.2,37.099999999999994,72.19999999999999,89.5,94.8,161.5,291.90000000000003,322.59999999999997,391.40000000000003,11.2,2.4087062955670264,2.097067745197169,11.344,76.8691,2012-07-12,0,,
0.3,0.3,1.0,1.0,1.0,12.8,92.1,103.10000000000001,128.8,0.3,0.019268228481179258,0.16442221637272966,11.344,76.8691,2011-05-17,0,,
1.6,8.299999999999999,9.2,9.2,11.0,43.7,264.70000000000005,464.80000000000007,731.3000000000001,1.6,0.5823891413124748,0.6132627825386784,11.344,76.8691,2013-10-02,0,,
0.0,0.9,11.299999999999999,65.30000000000001,121.69999999999999,175.4,336.3,583.2999999999998,957.1000000000001,0.0,0.04438695072159114,1.7301047014593527,8.742,76.8902,2009-09-12,1,rain,medium
0.0,1.1,15.6,57.9,73.6,155.6,335.0,780.9,1004.0,0.0,0.04961366409109394,1.4036156604680394,8.742,76.8902,2007-08-15,0,,
13.0,38.6,59.3,112.0,120.3,144.9,285.20000000000005,541.4,749.3000000000001,13.0,1.7729086665160758,1.3310594081770952,8.742,76.8902,2008-07-20,0,,
16.9,32.2,48.0,56.9,57.199999999999996,57.199999999999996,87.4,325.8,725.1999999999999,16.9,1.5590744929951983,0.5539072111759337,8.742,76.8902,2008-10-12,0,,
7.3,13.2,22.1,38.9,96.19999999999999,169.3,318.6000000000001,538.5999999999999,862.6,7.3,0.5931928687196111,1.5216295859731845,8.742,76.8902,2007-10-01,0,,
31.8,50.599999999999994,58.599999999999994,114.49999999999999,168.9,188.49999999999997,263.9,557.0999999999999,906.0,31.8,2.2610797743755033,1.6846384880228553,10.0011,76.7416,2012-08-17,1,downpour,medium
17.3,38.6,83.7,93.89999999999999,98.2,171.50000000000003,335.80000000000007,949.9999999999999,1209.3,17.3,1.316301431127013,1.1696668157423975,10.0011,76.7416,2008-09-10,0,,
34.3,112.2,157.7,198.2,260.7,315.20000000000005,755.0999999999999,1055.8,1277.9999999999998,34.3,3.199569912580057,1.7976906175494372,10.0011,76.7416,2010-07-03,0,,
9.8,20.5,55.099999999999994,81.3,113.5,151.70000000000002,392.2,610.4999999999999,769.3999999999999,9.8,0.807633932896309,1.1952982206865375,10.0011,76.7416,2009-06-22,0,,
2.9,69.9,167.9,174.4,198.5,230.20000000000002,423.5,553.0,726.2,2.9,2.760699255422467,1.818348980252509,10.0011,76.7416,2009-06-09,0,,
30.7,148.9,211.1,224.89999999999998,237.39999999999998,335.6,627.0,957.6,1279.8000000000002,30.7,7.168823993685873,3.231507498026835,12.845,75.66,2008-08-12,1,rain,medium
19.8,54.099999999999994,89.2,131.60000000000002,169.20000000000002,265.8,443.90000000000003,568.8999999999999,668.8,19.8,4.0015763307869525,3.932048017460895,12.845,75.66,2005-07-05,0,,
1.3,7.7,11.3,11.600000000000001,17.0,82.1,120.99999999999999,379.6,707.0,1.3,0.442153817189118,0.9428786595123788,12.845,75.66,2006-10-21,0,,
0.2,1.7,6.3,30.199999999999996,49.10000000000001,87.60000000000001,497.3,925.1000000000001,1273.5,0.2,0.11496674057649667,1.1848337028824834,12.845,75.66,2005-08-22,0,,
0.0,3.7,37.800000000000004,50.7,62.900000000000006,76.19999999999999,137.8,569.0000000000001,834.0000000000001,0.0,0.23008308272592898,0.9476935623630156,12.845,75.66,2004-09-14,0,,
10.5,29.700000000000003,41.6,41.900000000000006,64.2,80.2,114.7,135.70000000000002,136.3,10.5,1.5311219099936617,0.8269089372491022,12.8659,74.8852,2015-04-22,1,downpour,small
4.6,20.1,36.8,90.39999999999999,137.79999999999998,328.3,535.4,1016.9000000000001,1625.3999999999999,4.6,0.977244649902363,3.1923325230143855,12.8659,74.8852,2012-09-13,0,,
8.0,25.5,29.2,47.0,62.3,100.2,166.9,503.2,1004.5,8.0,1.417570400072906,1.1140435614690603,12.8659,74.8852,2014-10-17,0,,
9.2,34.099999999999994,85.6,157.7,268.0,397.1,807.7,1352.8000000000002,1728.3,9.2,1.374046305776662,3.2001981702282265,12.8659,74.8852,2011-08-10,0,,
28.2,77.1,115.7,157.5,207.89999999999998,444.49999999999994,757.2,1342.3000000000004,1422.7,28.2,3.2057119487424157,3.6963397178106456,12.8659,74.8852,2011-07-29,0,,
18.6,45.7,54.5,68.1,78.6,179.29999999999998,453.0,1045.9,1228.6,18.6,1.7501334086699942,1.3732994318360172,11.405,76.0376,2012-07-22,1,downpour,medium
11.8,20.3,67.9,84.6,97.5,118.69999999999999,125.19999999999999,807.7,1556.7999999999997,11.8,0.661273096229841,0.7733311972658337,11.405,76.0376,2011-10-21,0,,
2.1,2.1,3.1,5.6,5.7,5.800000000000001,307.5,403.40000000000003,743.7,2.1,0.0953870211102424,0.0526899735656577,11.405,76.0376,2008-11-16,0,,
11.5,22.1,25.1,28.7,51.1,100.10000000000001,497.1,988.4999999999999,1562.6,11.5,0.8957772683477859,0.8114688195621119,11.405,76.0376,2008-08-28,0,,
0.0,0.0,0.4,0.4,0.8,268.9,364.1,616.3000000000001,1071.4,0.0,0.0,2.4340258198545777,11.405,76.0376,2008-11-05,0,,
11.4,43.6,94.8,109.3,148.1,160.9,192.90000000000003,448.8999999999999,652.9,11.4,2.9319810384742593,2.164017197662882,11.4046,76.6953,2007-10-26,1,rain,large
9.3,29.2,35.8,36.3,36.900000000000006,81.6,154.50000000000003,156.10000000000002,180.0,9.3,2.7866082603254063,1.557446808510638,11.4046,76.6953,2007-05-05,0,,
10.7,11.5,11.899999999999999,11.899999999999999,13.299999999999999,18.4,59.69999999999999,230.0,371.8,10.7,1.0680572472594398,0.34177831912302076,11.4046,76.6953,2004-09-03,0,,
6.2,32.400000000000006,47.800000000000004,63.800000000000004,66.4,68.3,196.59999999999997,406.70000000000005,741.2,6.2,2.439849392012839,1.0286525523115857,11.4046,76.6953,2007-08-26,0,,
11.6,35.7,57.6,89.8,134.8,161.0,254.0,383.70000000000005,499.2,11.6,2.9432355723746446,2.6546830652790914,11.4046,76.6953,2006-11-05,0,,
5.3,131.8,213.70000000000005,243.60000000000002,255.70000000000002,323.1,557.3,1303.3999999999999,1633.3,5.3,5.14218100415734,2.5211512631915576,9.835,76.8661,2013-08-07,1,monsoon,medium
35.3,52.4,61.0,107.9,155.7,178.0,235.60000000000002,495.19999999999993,820.0999999999999,35.3,2.5703831771943233,1.746290860841945,9.835,76.8661,2012-08-17,0,,
17.8,96.0,137.3,202.0,214.20000000000002,257.2,340.2,681.9,799.2,17.8,4.415623586186095,2.3660383049313825,9.835,76.8661,2012-06-19,0,,
5.3,48.0,101.39999999999999,208.90000000000003,267.0,373.29999999999995,414.79999999999995,623.9999999999999,887.3,5.3,2.3257476468485643,3.6175066523690376,9.835,76.8661,2012-10-25,0,,
2.7,17.099999999999998,51.900000000000006,118.30000000000001,152.09999999999997,179.8,341.09999999999997,739.6000000000001,1193.3,2.7,0.6328338287933021,1.330801431778196,9.835,76.8661,2011-08-26,0,,
12.9,206.9,326.79999999999995,389.2,423.99999999999994,558.1999999999999,1020.6999999999999,2247.5,2656.6,12.9,5.330334705944463,2.87616513567733,10.3031,76.7604,2013-08-07,1,monsoon,medium
5.2,20.5,26.900000000000002,33.1,58.50000000000001,206.0,446.2,989.9000000000002,1652.3000000000002,5.2,0.5263600968115332,1.0578554140797642,10.3031,76.7604,2010-10-16,0,,
32.8,53.199999999999996,87.8,155.2,333.0,458.2,735.9000000000001,1384.7999999999997,1639.5,32.8,1.3751721507722945,2.368811577007013,10.3031,76.7604,2011-07-24,0,,
21.5,22.8,23.6,30.299999999999997,45.6,101.5,267.6,499.1,719.2,21.5,0.8455996352029185,0.7528803769569844,10.3031,76.7604,2013-05-20,0,,
0.0,0.5,14.9,16.9,21.599999999999998,103.2,453.9,549.4000000000001,1173.4,0.0,0.018460793511485035,0.7620615561541022,10.3031,76.7604,2012-11-05,0,,
123.9,199.2,241.60000000000002,254.9,261.5,400.0,627.6,1450.3,1652.8000000000002,123.9,8.426629680998612,3.3841886269070733,9.879,76.9683,2013-08-05,1,monsoon,medium
0.0,9.9,37.5,56.6,76.10000000000001,135.5,266.9,415.5,483.59999999999997,0.0,0.37383929676860217,1.0233378729726383,9.879,76.9683,2011-05-08,0,,
5.6,7.3,34.0,69.69999999999999,81.99999999999999,186.89999999999998,235.70000000000002,459.90000000000015,756.7,5.6,0.4093395229121663,2.0960426529392837,9.879,76.9683,2012-08-22,0,,
3.9,29.799999999999997,70.10000000000001,119.30000000000001,125.4,151.1,547.0000000000001,814.7,974.0,3.9,1.1065591234210925,1.1221549231471617,9.879,76.9683,2010-06-29,0,,
2.2,16.3,85.30000000000001,136.89999999999998,176.2,222.2,519.1000000000001,1011.4000000000001,1281.3000000000002,2.2,0.6478579573220394,1.7663072161589837,9.879,76.9683,2010-07-23,0,,
2.2,18.0,41.2,110.29999999999998,176.89999999999998,229.49999999999997,362.00000000000006,558.1000000000001,640.4000000000001,2.2,0.7794143744454303,1.987506654835847,9.7967,77.0611,2016-06-15,1,downpour,medium
11.1,22.4,24.6,27.5,36.8,95.39999999999998,196.79999999999998,646.9,829.7,11.1,1.101136272060601,0.9379321460230474,9.7967,77.0611,2012-08-04,0,,
1.2,1.6,13.299999999999999,20.700000000000003,22.8,28.300000000000004,84.09999999999998,575.5,738.7,1.2,0.08084824387011268,0.2860006626905236,9.7967,77.0611,2012-11-28,0,,
7.4,18.5,25.699999999999996,33.5,58.8,137.6,354.7,767.5999999999999,1183.8,7.4,0.8303594422574591,1.2352157757256905,9.7967,77.0611,2014-10-12,0,,
26.8,54.0,91.89999999999999,101.5,149.0,196.7,301.1,869.0999999999999,1530.0,26.8,2.0021273362710836,1.4585868409056375,9.7967,77.0611,2013-09-16,0,,
59.2,97.6,140.8,156.89999999999998,198.3,347.90000000000003,644.4,1609.1999999999996,1959.0,59.2,3.5411747211895905,2.5245382899628255,10.3228,76.4319,2013-08-04,1,downpour,large
8.1,53.699999999999996,128.79999999999998,136.7,180.5,230.9,451.30000000000007,942.8999999999999,1220.9999999999998,8.1,1.8137873754152825,1.5597895902547065,10.3228,76.4319,2011-07-08,0,,
32.1,61.0,66.30000000000001,90.3,166.20000000000002,205.3,281.20000000000005,534.6999999999999,590.2,32.1,2.2465058713436172,1.5121562471699823,10.3228,76.4319,2012-06-13,0,,
1.3,15.200000000000001,24.0,45.300000000000004,54.8,123.40000000000002,309.79999999999995,758.3,1264.1,1.3,0.5154547476095175,0.8369357349344009,10.3228,76.4319,2010-10-20,0,,
21.0,66.7,95.8,111.3,148.4,218.0,398.0,613.9000000000001,716.6,21.0,2.3128783787624707,1.511866526447432,10.3228,76.4319,2010-06-07,0,,
17.7,65.6,104.00000000000001,133.5,152.1,255.09999999999997,524.6999999999999,1359.1000000000001,1463.2000000000003,17.7,3.0616679418515687,2.3811935730680944,10.0533,76.4788,2013-07-23,1,unknown,small
27.2,49.4,75.2,84.10000000000001,184.89999999999998,236.4,403.0999999999999,938.4000000000001,1558.4,27.2,1.9678061840859369,1.8833578215300226,10.0533,76.4788,2010-08-24,0,,
5.9,12.3,34.1,78.6,111.60000000000001,284.6,356.5,707.5999999999999,1183.6000000000001,5.9,0.6154287823483576,2.847984251322643,10.0533,76.4788,2012-08-22,0,,
0.0,0.0,0.0,0.0,3.3,16.5,100.89999999999999,281.7,673.6,0.0,0.0,0.17582321600139755,10.0533,76.4788,2012-11-20,0,,
15.1,29.799999999999997,40.7,48.0,59.9,70.2,300.2000000000001,444.80000000000007,472.1,15.1,1.1121103667676115,0.5239607231348077,10.0533,76.4788,2011-05-21,0,,
65.4,226.70000000000002,276.9,362.5,383.4,441.20000000000005,866.5999999999999,1170.3999999999999,1319.6999999999998,65.4,10.681007183131227,4.157441878427435,11.51185539,76.01854791,2017-06-27,1,continuous_rain,small
25.8,89.8,115.1,130.5,171.9,225.60000000000002,492.20000000000005,641.9,667.9999999999999,25.8,5.058921315108977,2.541854451422239,11.51185539,76.01854791,2016-06-24,0,,
3.5,6.5,14.5,34.300000000000004,70.0,295.40000000000003,526.2,1155.6,1711.8,3.5,0.27733090858222004,2.52072462754424,11.51185539,76.01854791,2014-09-13,0,,
22.0,33.0,43.6,90.1,101.6,112.19999999999999,497.30000000000007,776.4,1019.9,22.0,1.4049904030710174,0.9553934740882919,11.51185539,76.01854791,2015-07-15,0,,
0.5,12.8,43.0,66.39999999999999,70.0,72.0,107.8,257.8,513.5,0.5,0.7884081385368811,0.8869591558539911,11.51185539,76.01854791,2016-10-17,0,,
19.0,62.400000000000006,86.7,93.9,130.39999999999998,197.9,438.0,742.3,1158.8,19.0,2.1480206540447506,1.3624784853700518,9.497393176,76.8696375,2011-08-06,1,downpour,medium
12.1,36.800000000000004,72.7,85.4,151.5,244.3,488.09999999999997,635.4,749.0999999999999,12.1,1.449801401491911,1.9249265346982274,9.497393176,76.8696375,2009-06-16,0,,
3.2,7.6,29.400000000000002,45.7,96.2,146.2,325.3,670.1,1156.3,3.2,0.2586115527291998,0.9949739212897106,9.497393176,76.8696375,2010-09-22,0,,
24.8,29.8,59.60000000000001,59.7,73.10000000000001,179.60000000000002,415.09999999999997,623.9,1230.7,24.8,1.126130591004832,1.3574030479494488,9.497393176,76.8696375,2009-09-17,0,,
44.2,65.4,82.4,93.5,105.4,125.69999999999999,247.3,852.0,1324.8999999999999,44.2,2.5600154009048035,0.9840793146597361,9.497393176,76.8696375,2009-08-19,0,,
16.1,41.2,103.6,131.79999999999998,260.6,395.50000000000006,734.8000000000001,1711.5999999999997,1994.0,16.1,1.6891487717175795,3.2430016466713725,12.8733,74.8481,2007-08-09,1,rain,medium
9.5,14.8,45.2,58.2,69.5,120.0,382.90000000000003,819.8000000000001,1292.1999999999998,9.5,0.869917132395452,1.4106764309115438,12.8733,74.8481,2006-07-31,0,,
6.3,13.100000000000001,27.400000000000002,28.7,43.6,91.20000000000002,129.50000000000003,483.99999999999994,784.4999999999999,6.3,0.7235603042375951,1.007461064831583,12.8733,74.8481,2003-10-15,0,,
1.7,6.2,12.899999999999999,23.299999999999997,76.2,146.6,417.59999999999997,783.1999999999999,1300.9,1.7,0.3564057861753757,1.685454459784196,12.8733,74.8481,2004-08-27,0,,
6.0,7.3,10.5,16.8,25.1,105.3,542.6999999999999,552.0,556.1999999999999,6.0,0.37585988605190973,1.0843300274319476,12.8733,74.8481,2006-06-15,0,,
79.3,153.3,176.10000000000002,218.5,243.3,276.8,345.90000000000003,587.1999999999999,725.7,79.3,5.638578190479063,2.0362145376707166,10.0838,77.0696,2011-06-02,1,downpour,medium
5.3,35.3,50.099999999999994,61.099999999999994,106.8,121.30000000000001,160.9,333.09999999999997,475.8,5.3,1.6322771376591871,1.1217859308671922,10.0838,77.0696,2007-06-14,0,,
29.2,56.0,116.9,139.2,141.6,271.99999999999994,430.9,611.3000000000001,1315.2,29.2,2.5760717921647,2.5024697409599934,10.0838,77.0696,2009-09-18,0,,
1.8,25.3,36.99999999999999,40.8,65.2,109.89999999999999,162.3,239.90000000000003,244.00000000000003,1.8,1.4325628887032396,1.244574398960364,10.0838,77.0696,2009-05-02,0,,
1.3,11.9,42.199999999999996,54.2,112.50000000000001,171.2,287.90000000000003,655.3000000000001,959.6999999999999,1.3,0.4858768406961179,1.3980187416331997,10.0838,77.0696,2010-10-10,0,,
0.0,0.0,2.9000000000000004,3.7,18.9,40.0,66.8,101.0,115.6,0.0,0.0,0.7601838149388581,11.339753,76.869056,2017-03-24,1,leaking_pipe,small
2.1,9.700000000000001,20.500000000000004,27.000000000000004,32.3,57.60000000000001,88.0,263.5,435.00000000000006,2.1,0.8408412675856188,0.9986073610913742,11.339753,76.869056,2016-10-25,0,,
1.8,8.200000000000001,15.5,33.699999999999996,75.99999999999999,126.39999999999999,216.8,519.5999999999999,1070.2,1.8,0.5563031752210421,1.7150419840960907,11.339753,76.869056,2013-08-26,0,,
4.2,20.599999999999998,42.7,54.800000000000004,91.2,171.59999999999997,231.49999999999997,391.8999999999999,625.7,4.2,1.55462080910553,2.59002845478164,11.339753,76.869056,2015-08-05,0,,
8.2,15.899999999999999,16.799999999999997,19.3,21.099999999999998,50.8,169.49999999999997,401.49999999999994,561.8000000000002,8.2,1.3236438075742065,0.8458000682360968,11.339753,76.869056,2015-09-06,0,,
0.5,2.9,5.0,5.6,7.9,21.099999999999998,119.0,232.20000000000005,368.30000000000007,0.5,0.25759009828904256,0.37483800509646886,11.329547,76.801586,2016-11-16,1,rain,small
4.3,30.6,61.5,90.2,94.8,97.49999999999999,216.80000000000004,490.4000000000001,605.5999999999999,4.3,1.8138178991351666,1.1558643474880963,11.329547,76.801586,2015-09-09,0,,
0.5,24.5,73.3,77.5,79.79999999999998,91.1,312.9,545.2,721.4000000000001,0.5,1.6858432036097006,1.2537168640721936,11.329547,76.801586,2014-11-16,0,,
2.2,3.4000000000000004,9.2,14.0,59.7,79.3,232.29999999999995,440.00000000000006,490.20000000000005,2.2,0.2440574252765357,1.1384561073193693,11.329547,76.801586,2016-07-14,0,,
11.6,51.7,60.300000000000004,64.19999999999999,65.0,77.19999999999999,203.40000000000003,470.1,607.4,11.6,3.1069405448007488,0.9278754741145755,11.329547,76.801586,2015-09-06,0,,
7.9,23.0,33.5,42.300000000000004,63.300000000000004,86.30000000000001,120.4,194.4,232.00000000000003,7.9,2.0647534952170714,1.5494628403237678,8.584503303,76.97925203,2017-04-13,1,downpour,small
2.2,17.7,38.400000000000006,105.89999999999999,142.29999999999998,212.49999999999997,281.4,493.90000000000003,710.9000000000001,2.2,0.8955706702057067,2.1503815527538155,8.584503303,76.97925203,2013-09-22,0,,
0.4,6.1000000000000005,8.6,10.8,63.70000000000001,65.00000000000001,157.1,362.29999999999995,491.8999999999999,0.4,0.3315808233826413,0.7066476563892357,8.584503303,76.97925203,2013-11-09,0,,
8.6,25.299999999999997,34.3,58.800000000000004,107.6,187.39999999999998,265.70000000000005,360.70000000000005,421.59999999999997,8.6,1.5261310259579723,2.2608454882571074,8.584503303,76.97925203,2016-05-25,0,,
20.6,100.9,127.19999999999999,274.20000000000005,303.3,314.3,487.30000000000007,670.6,884.8,20.6,5.531499955064259,3.4460860968814604,8.584503303,76.97925203,2014-10-23,0,,
0.0,1.8,2.5999999999999996,2.5999999999999996,4.8999999999999995,12.400000000000002,54.99999999999999,118.89999999999999,339.7,0.0,0.17775619232637205,0.24490853164966817,11.28965,76.94171,2016-11-16,1,rain,small
1.7,7.8,9.1,11.0,31.0,112.30000000000001,148.09999999999997,178.39999999999998,327.19999999999993,1.7,0.783532317826266,2.256171263894607,11.28965,76.94171,2014-07-24,0,,
7.2,8.5,8.7,8.7,8.9,33.6,58.900000000000006,276.2,606.4,7.2,0.7605985037406483,0.6013202288396655,11.28965,76.94171,2016-10-12,0,,
7.2,37.7,69.7,72.7,86.20000000000002,135.2,248.79999999999998,356.90000000000003,362.1,7.2,3.459496051147048,2.4812937194433995,11.28965,76.94171,2016-07-08,0,,
17.8,40.8,108.5,157.9,179.2,249.8,357.0,594.8999999999999,641.5999999999999,17.8,3.474036850921273,4.253992183137912,11.28965,76.94171,2016-07-29,0,,
0.0,0.0,0.0,0.0,27.8,28.400000000000002,90.4,159.7,314.6,0.0,0.0,0.5399828566975766,11.35008,76.791735,2016-12-22,1,construction,medium
3.8,12.7,51.29999999999999,53.89999999999999,74.19999999999999,75.89999999999999,105.2,243.30000000000004,482.6,3.8,0.8928715495879674,1.0672275687201058,11.35008,76.791735,2013-11-20,0,,
3.4,9.1,20.799999999999997,48.099999999999994,62.599999999999994,160.70000000000002,194.70000000000005,407.3,685.1999999999999,3.4,0.5430709778408258,1.9180550799784775,11.35008,76.791735,2015-10-10,0,,
12.9,25.0,36.1,47.1,52.699999999999996,90.50000000000001,221.0,264.09999999999997,347.69999999999993,12.9,1.5257628814407205,1.1046523261630818,11.35008,76.791735,2015-05-07,0,,
1.7,7.3,8.9,29.8,66.4,95.8,307.40000000000003,687.8,804.5999999999999,1.7,0.49329788412540154,1.2947380081976294,11.35008,76.791735,2013-07-17,0,,
0.2,16.3,31.6,32.5,41.7,45.7,61.0,125.4,172.7,0.2,1.510405590156464,0.8469390855233178,11.34376314,76.79310973,2017-01-30,1,unknown,small
3.8,29.2,33.4,36.4,38.599999999999994,62.2,174.7,356.09999999999997,773.2,3.8,2.063723786351524,0.8792028733634573,11.34376314,76.79310973,2013-08-30,0,,
2.8,11.5,48.199999999999996,62.49999999999999,91.10000000000001,228.4,455.6000000000001,664.9,749.3999999999999,2.8,0.7753951586161157,3.080004421355145,11.34376314,76.79310973,2013-06-30,0,,
0.0,0.0,0.0,2.1,73.30000000000001,79.79999999999998,248.2,533.1,651.7,0.0,0.0,1.1309287332287854,11.34376314,76.79310973,2014-11-21,0,,
0.2,2.8000000000000003,11.3,14.0,48.5,168.4,336.50000000000006,510.00000000000006,746.8000000000001,0.2,0.19885900570497148,2.391989754336943,11.34376314,76.79310973,2014-11-06,0,,
6.0,27.0,27.0,27.6,29.0,89.6,90.3,219.89999999999998,322.3,6.0,2.548549323017408,1.6914816247582203,11.339839,76.841106,2016-12-14,1,rain,medium
11.5,12.7,24.0,43.4,86.5,165.7,209.39999999999998,389.29999999999995,716.7,11.5,0.7391822909212346,1.9288583559944654,11.339839,76.841106,2015-07-31,0,,
3.4,9.1,20.799999999999997,48.099999999999994,62.599999999999994,160.70000000000002,194.70000000000005,407.3,685.1999999999999,3.4,0.5430709778408258,1.9180550799784775,11.339839,76.841106,2015-10-10,0,,
13.5,28.8,60.5,62.8,69.69999999999999,120.2,257.0,481.09999999999997,550.5,13.5,2.0872044671498156,1.7422359510514436,11.339839,76.841106,2016-07-19,0,,
18.1,104.30000000000001,126.69999999999999,153.5,190.9,230.70000000000002,375.0,540.9,821.5000000000001,18.1,7.411812674743708,3.2788210624417515,11.339839,76.841106,2014-10-29,0,,
5.1,10.299999999999999,23.1,30.0,32.2,35.6,61.80000000000001,177.59999999999997,236.3,5.1,0.8389638135932699,0.5799439177460274,11.34942664,76.84947966,2017-05-07,1,continuous_rain,small
1.7,2.3,12.2,34.60000000000001,57.400000000000006,115.00000000000001,212.79999999999998,412.9,617.2,1.7,0.138828418761132,1.3882841876113203,11.34942664,76.84947966,2015-08-27,0,,
4.4,18.200000000000003,42.800000000000004,49.5,54.8,89.7,107.80000000000001,345.4,535.7,4.4,1.272727272727273,1.2545454545454546,11.34942664,76.84947966,2013-10-19,0,,
10.2,12.5,14.899999999999999,15.5,18.7,27.6,168.60000000000002,431.6,697.0999999999999,10.2,0.9472638052052922,0.418311696378657,11.34942664,76.84947966,2016-08-22,0,,
0.7,4.5,46.400000000000006,64.7,91.89999999999999,151.4,239.29999999999998,421.9,620.9000000000001,0.7,0.30016402405686166,2.019770366320394,11.34942664,76.84947966,2013-09-21,0,,
0.0,10.0,27.2,27.2,27.5,71.5,91.60000000000001,146.6,210.5,0.0,1.0330228619813717,1.4772226926333614,11.328578,76.903045,2016-12-16,1,tropical_cyclone,small
6.7,12.0,35.3,51.00000000000001,60.6,72.0,125.5,284.2,511.6,6.7,1.0121681415929202,1.2146017699115041,11.328578,76.903045,2015-10-03,0,,
5.1,23.4,56.6,85.49999999999999,104.49999999999999,138.39999999999998,232.39999999999998,419.1,669.5000000000001,5.1,2.43230808554145,2.877191786657578,11.328578,76.903045,2014-10-25,0,,
0.3,9.6,16.2,23.1,41.4,82.29999999999998,172.1,398.4000000000001,462.3,0.3,0.7538134775053098,1.2924760249726457,11.328578,76.903045,2015-07-02,0,,
0.0,7.8,33.9,34.3,81.2,117.2,166.90000000000003,319.0,591.0999999999999,0.0,0.6520041109969167,1.9593559438163755,11.328578,76.903045,2015-10-14,0,,
